Unnamed: 0,lyrics
백아 - 테두리,"내 오늘도 그댈 담을 말이 없는걸
뜸을 들이다 그댈 추억하오
늦은 밤 꺼내서 미안해
누구를 위한 그 사랑 노래를
꽃 남방 정든 훈장을 쥐고
세상에 그대 젊음이 울리면 난
기억을 잃고 다시 태어난대도
머무르고 싶다 떼를 써요
빛에 테두리를 그리고
주위를 맴도는 난
그 달이 될게요
내 맘은 무뎌지지 않으니
익숙해지지만 말아주시오
깊어질수록 슬피 운 것도 아닌
부슬비처럼 나 살아갈 테요
빛에 테두리를 그리고
주위를 맴도는 난 그
그 달이 될게요
나 비록 그대의 사랑이 될 순 없지만
감히 그대 없던 세상을 떠올리느니
사랑이 아니길
어리숙한 마음 정리하지 못한
어울리지 않는 마음 달고
그댈 바라볼 내가 밉소
왜 나는 마음마저도 노력하고
깊어진 내 맘만 초라해지는걸
내 오늘도 그댈 담을 말이 없는걸"
"카더가든 - 그날, 우리","가끔 떠올리게 돼
유난히 어둡던
아무 말 없던 그 밤의 우리를
사라져 버린 침묵에
아니 사실 의도 했었던 마지막에
넌 알고 있었어
혼자서 미뤄온 날들
이제 다 의미 없겠지
아주 멀리 떠나 가고 싶어
아무 발걸음도 닿지 않게
아주 멀리 떠나 가고 있어
너를 만났던 그 때 그대로
언제부터였을까
하루 하루 지나
더 깊은 곳에 가두려 했었지
외로운 내 일상 속에
조금 잊혀지길 바랬어
긴 한숨도 끝이길 바랬어
혼자서 참았던 날들
멀리서 지켜온 기억
이젠 다 의미 없나 봐
아주 멀리 떠나 가고 싶어
아무 발걸음도 닿지 않게
아주 멀리 떠나 가고 있어
너를 만났던 그 때 그대로
조금씩 무너지고 무너져만 가
아물은 상처 위로 스며든 위로
모든 게 흩어져 떠나갈 오늘이
믿기지 않아 네가 없어진 하루
너는 어땠는지 묻고 싶어
이런 내가 못나 보인대도
너는 아무렇지 않은 걸까
멀어져 가 버린 기억일까"
이고도 - Mouse,"Hey
긴 고요 속에
숨죽여 있는 법을 알고 있지 않니
그 방법을 나에게도 알려줘
때가 되면 우린 모두
어디론가 사라질 거잖아
난 어쩌면 분주한 사람들 틈에
더 가만히 있는 법을 배웠어
Oh I must pretend to be dead
I'm in this city
and I'm going through the night
Oh I have to hold my breath
I will find love
and find a way to survive here
모두가
지나가고
난 후에야 머리를 내어 소릴 내
안길 품 없는 온몸에는
얼룩이 번지네
때가 되면 우린 모두
어디론가 사라질 거잖아
난 어쩌면 분주한 사람들 틈에
더 가만히 있는 법을 배웠어
Oh I must pretend to be dead
I'm in this city
and I'm going through the night
Oh I have to hold my breath
I will find love
and find a way to survive here
Oh I must pretend to be dead
I'm in this city
and I'm going through the night
Oh I have to hold my breath
I will find love
and find a way to survive here
나는 왜 적막을 견디질 못해
삐끗하다간 더 크게 다칠 텐데
저길 봐 그림자가 흔들리잖아"
박소은 - 너는 나의 문학,"너는 어느 얼굴 없는
소설가의 문학 첫 문장
아니 그걸론 부족한데
너는 어느 이름 없는
소설가의 마지막 문장
안돼 이것도 부족한데
너는 나의 수레바퀴 아래서
너는 나의 호밀밭의 파수꾼
너는 나의 헤밍웨이 요조
나는 너를 나는 너를
계속 읽고 싶어
닳아 없어질 때까지
계속 읽고 싶어
해져 찢어질 때까지
계속 읽고 싶어
닳아 없어질 때까지
계속 읽고 싶어
해져 찢어질 때까지
너의 말은 시가 되어
텅 빈 책에 받아 적히고
그걸 평생 들고
다닐 거야
너의 노랜 글이 되어
내 눈 속에 깊이 박히고
모두 너를 듣게 될 거야
너는 나의 노르웨이의 숲
너는 나의 데미안
너는 나의 설명할 수 없는 책
나는 너를 나는 너를
계속 읽고 싶어
닳아 없어질 때까지
계속 읽고 싶어
해져 찢어질 때가지
계속 읽고 싶어
닳아 없어질 때까지
계속 읽고 싶어
해져 찢어질 때까지
계속 보고 싶어
달이 넘어갈 때까지
계속 넘기고 싶어
해가 떨어질 때까지
너는 나의 너는 나의 책
너는 나의 너는 나의 문학
너는 나의 마지막 문장
너는 나의 너는 내 첫 문장"
이강승 - 사랑이 너무 헤퍼,"사랑이 너무 헤퍼서 그 말을 못 했네
말라붙은 입에 잘못은 아니고
스쳐진 옷깃에 우리 인연이었는데
떠나가 버리면 난 어떡해야 해
풀어진 마음 한가운데 조각인 게
사랑이라 웃지 않으면 너는 바보일 거야
얘길 해도 내 사랑이 헤퍼
그게 어리석다 무시했겠지
다들 기억할 거야
사랑에 아픈 기억이 오늘을 덮칠 때
어쩔 줄 몰라서 멈춰진 발걸음
가만히 보다 이상해 주변을 살피니
겁을 먹은 건 나뿐이 아니네
풀어진 마음 한가운데 조각인 게
사랑이라 웃지 않으면 너는 바보일 거야
얘길 해도 내 사랑이 헤퍼
그게 어리석다 무시했겠지
다들 기억할 거야
I need you love I need you more
if you're in there you know I love you
I need you love I need you more
if you're in there you know I love you
풀어진 마음 한가운데 조각인 게
사랑이라 웃지 않으면 너는 바보일 거야
얘길 해도 내 사랑이 헤퍼
그게 어리석다 무시했겠지
다들 기억할 거야
I need you love I need you more
if you're in there you know I love you
I need you love I need you more
if you're in there you know I love you"
김새녘 - 의심,"날 버리기 전에
다시금 떠올려봐요
싫었던 기억을
한없이 되돌아보면
당신의 거짓말 그 말에도
미워하지 않았어
아직 날 더 속여도
감당할 수 있을 것 같은
내 진심을 이해해 줘
지나친 순간은
아련히 보이겠지만
그 어떤 날보다
아픈 건 그때일 텐데
마지막 그대의 모습은
미워할 수 없었어
아직 난 마음처럼
다 버리고 잊을 수 없는
기억 속을 바라봐요
거짓말
아직 난
거짓말"
콜드 - 아무도 모르는 노래,"나를 스쳐가는 그대
내 말을 들어줘
걸음을 멈추고
내 노랠 들어줘
yeah yeah
텅 빈 거리 가로등 불
날 밝게 비추면
무대를 시작해
나 홀로 여기서
yeah yeah
축 처진 고개들과
비틀거리는 그림자
그렇게 나는 불청객이 돼
아무도 모르는 yeah
노래를 부르며 yeah
텅 빈 거리 위
채우는 멜로디
난 꿈을 부르지
늘 꿈을 그리지 yeah
아무도 모르는
노래를 부를래
지나가는 너의
마음을 붙잡을 수 있길 바라며"
위수 - 교토,"이상하리만치 맑은 하늘 아래에 서서
너를 안고 있으면
가진 것이 아무 것도 없지만
너에게 늘 말해주고 싶어
살아야지
나는 살아 너에게
니가 살고 싶은 세상이 되어줘야지
험난한 세상 속
너는 언제까지나
나의 마음 속 영원한 교토
언젠가 너의 손을 잡고
다시 이곳에 올 수 있을까
가진 것이 아무 것도 없어서
너에게는 아무 말 못하고
그저 안아줄 수 밖에 없어
슬픈 꿈을 꾸고 일어난 것처럼
너를 잊어야만 하는 날이
오지 않기를
슬픈 꿈을 꾸고 일어난 것처럼
너를 잊어야만 하는 날이
오지 않기를
살아야지
나는 살아 너에게
니가 살고 싶은 세상이 되어줘야지
험난한 세상 속
너는 언제까지나
나의 마음 속 영원한 교토"
리도어 - 사랑의 미학,"미리 알았더라면
조금 덜 아팠을까
내 하루를 버텨 줄 일기장에는
또 무엇을 담을까
부풀린 사랑에 속아요
뒷걸음치는 내 모습 알아요
내가 나를 괴롭혔네요
어둠이 떨어져도 난 몰랐죠
풍선에 매달린 듯
해가 떠오른다면
옅어진 우리를 채울 거예요
꽃잎은 졌다 해도
부풀린 사랑에 속아요
뒷걸음치는 내 모습 알아요
내가 나를 괴롭혔네요
어둠이 떨어져도 난 몰랐죠
떠내려간 마음이 예정 없이 찾아와요
사라진 흔적만 가득한데
부풀린 사랑에 속아요
뒷걸음치는 내 모습 알아요
내가 나를 괴롭혔네요
그늘이 떨어져도 난 몰랐죠
난 세 번을 빙글 돌아요
어지러운 세상은 익숙해요
사랑이란 말 잘 몰라요
후회를 삼켜봐야 뭐겠어요"
Off the menu - Sunshine,"너의 웃음소리는
나만 들을 수 있어서 너무 좋아
너는 나와 너무 닮아서
내 모든 것 그 안엔 네가 있어
늦은 밤 집으로 돌아갈 때
벌써 네 얼굴이 떠올라
아쉬움에 네게 난 또 전화를 걸어
너라는 행운이 있다는 게
어떤 단어로도 그려지지가 않아
Everytime I seek into your heart
내 마음속엔 네가 깊게 자리 잡고 있어
Everytime I hold your tiny hands
꽉 잡은 이 두 손을 꼭 놓지 않을게
for you
for you for you
너에게 한 걸음씩 다가갈게
조금 서툴어도 언젠가는 닿을 테니까
모른척하지 말아 줄래
투명한 세상에 유일한 선물은 너야
Everytime I seek into your heart
내 마음속엔 네가 깊게 자리 잡고 있어
Everytime I hold your tiny hands
꽉 잡은 이 두 손을 꼭 놓지 않을게
for you
Everytime I seek into your heart
Everytime I hold your tiny hands"
백예린 - Antifreeze,"우린 오래전부터 어쩔 수 없는 거였어
우주 속을 홀로 떠돌며 많이 외로워하다가
어느 순간 태양과 달이 겹치게 될 때면
모든 것을 이해할 수 있을 거야

하늘에선 비만 내렸어
뼈 속까지 다 젖었어
얼마 있다 비가 그쳤어
대신 눈이 내리더니
영화서도 볼 수 없던 눈보라가 불 때
너는 내가 처음 봤던 눈동자야

낯익은 거리들이 거울처럼 반짝여도
니가 건네주는 커피 위에 살얼음이 떠도
우리 둘은 얼어붙지 않을 거야
바다 속의 모래까지 녹일 거야
춤을 추며 절망이랑 싸울 거야
얼어붙은 아스팔트 도시 위로

숨이 막힐 거 같이 차가웠던 공기 속에
너의 체온이 내게 스며들어 오고 있어
우리 둘은 얼어붙지 않을 거야
바다 속의 모래까지 녹일 거야
춤을 추며 절망이랑 싸울 거야
얼어붙은 아스팔트 도시 위로


너와 나의 세대가 마지막이면 어떡해
또 다른 빙하기가 찾아오면 어떡해
긴 세월에 변하지 않을 그런 사랑은 없겠지만
그 사랑을 기다려줄 그런 사람을 찾는 거야
긴 세월에 변하지 않을 그런 사랑은 없겠지만
그 사랑을 기다려줄 그런 사람을 찾는 거야

긴 세월에 변하지 않을 그런 사랑은 없겠지만
그 사랑을 기다려줄 그런 사람을 찾는 거야
긴 세월에 변하지 않을 그런 사랑은 없겠지만
그 사랑을 기다려줄 그런 사람을 찾는 거야"
나이트오프 - 잠,"점점 좁아지던 골목의
막힌 끝에 서서
외투 위의 먼지를 털다 웃었어
벽에 기대어 앉으며 짐을 내려놓으니
한 줌의 희망이 그토록 무거웠구나
탓할 무언가를 애써 떠올려봐도
오직 나만의 어리석음 뿐이었네
나 조금 누우면 안 될까
잠깐 잠들면 안 될까
날도 저무는데
아무도 없는데
나 조금 누우면 안 될까
이대로 잠들면 안 될까
따뜻한 꿈속에서
조금 쉬고 올 거야
많은 게 달라지고
변하고 시들어 가고
애써 감춰온 나의 지친 마음도
더는 필요 없을 자존심을 내려놓으니
이젠 나 자신을 가엾어해도 되겠지
탓할 무언가를 애써 떠올려봐도
오직 나만의 어리석음 뿐이었네
나 조금 누우면 안 될까
잠깐 잠들면 안 될까
날도 저무는데
아무도 없는데
나 조금 누우면 안 될까
이대로 잠들면 안 될까
따뜻한 꿈속에서
못다한 악수와 건배를 나누며
이제 와 뭘 어쩌겠냐고
웃으며 웃으며
모두 보고 싶다
나 조금 누우면 안 될까
잠깐 잠들면 안 될까
날도 저무는데
아무도 없는데
나 조금 누우면 안 될까
이대로 잠들면 안 될까
따뜻한 꿈속에서
조금 쉬고 올 거야"
이희상 - 애열,"걱정하지 마
우린 영원할 거잖아
네 곁에 있으면
언제나 환상 같아
사라지지마
서로가 미워진대도
네 옆에 앉으면
언제나 사랑이야
결국 우린 변하고야 말겠지
금세 사랑은 더 잊혀져가고
영원할 거란 말에 끄덕이던
그 시절 우리의 감정은 떠나가고 어디에
떠내려가네 내 사랑
내 곁에 있어줘
그대가 사라져도
기억할 거야 영원히
모든 게 잊혀진대도
결국 우린 변하고야 말겠지
금세 사랑은 더 잊혀져가고
영원할 거란 말에 끄덕이던
그 시절 우리의 감정은 떠나가고 어디에
떠내려가네 내 사랑
내 곁에 있어줘
그대가 사라져도
기억할 거야 영원히
모든 게 잊혀진대도"
혁오 - Love Ya!,"두려워하지 마세요
우리 담요를 차기 풍선 만듭니다
내부에 숨어 있습니다
나는 내 사랑을 당신의 입술에 날려 버릴 것입니다
이 조용한 순간을 사랑하십시오
당신은 누굴 구할 것입니까
최고의 친구라면
그리고 나는 익사하고있다
친구를 구할 것입니다
당신은 스님 물개와 같기 때문입니다
그리고 당신은 물었다
사랑해요
당신은 나를 얼마나 사랑할 수 있습니까?
emm 그냥
천 단어없이
그리고 나는 말할 것입니다
나는 사랑해 사랑해
나는 사랑해 사랑해
두려워하지 마세요
당신의 작은 지점을 숨기십시오
내 반지 손가락으로
이름을 넣으겠습니다
당신의 각각
모든 머리카락
이 조용한 순간을 사랑하십시오
당신은 누굴 구할 것입니까
최고의 친구라면
그리고 나는 익사하고있다
친구를 구할 것입니다
당신은 스님 물개와 같기 때문입니다
당신은 나와 같습니다
그리고 나는 당신과 같습니다
지금 생각하는 것
항상 나와 동일합니다
그래서 내가 사랑에 빠진 이유입니다
나는 사랑해 사랑해
나는 사랑해 사랑해
나는 사랑해 사랑해
나는 사랑해 사랑해
나는 사랑해 사랑해
나는 사랑해"
검정치마 - 나랑 아니면,"야 나랑 놀자 밤늦게까지
함께 손뼉 치면서
나랑 마셔 너와 나의
몸이 녹아 내리면
나랑 걷자 저 멀리까지
가다 지쳐 누우면
나랑 자자 두 눈 꼭 감고
나랑 입 맞추자
나랑 아니면 누구랑
사랑 할 수 있겠니
나랑 아니면 어디에
자랑 할 수 있겠니
나랑 아니면
야 나랑 놀자 어디 가지 말고
그리울 틈 없도록
나랑 살자 아주 오랫동안
우리 같이 살자
나랑 아니면 누구랑
사랑 할 수 있겠니
나랑 아니면 어디에
자랑 할 수 있겠니
나랑 아니면
아무렇지 않게 넌 내게 말했지
날 위해 죽을 수도 죽일 수도 있다고
알아 나도 언제나
같은 마음이야 baby
아마도 우린 오래
아주 오래 함께할 거야"
N@di - 편지,"달이 뜰 때
두 밤 지나고 나면
우리 함께 하자던
약속 있고 두 달이 지나요
우리 둘 다 지쳐 쓰러진 날엔
작은 눈밭에서 구르다 또 웃다가
내일 같지 않아서 울어요
아 아
우산이 막 젖어드는 날에는
바깥의 풍경마저
나를 재우는 듯 방안을 다 적시지만
나는 아직 울먹입니다 채 말을 다 못한
눈물들로 함께 그대와 안고 싶어요
아아 사랑해요
느리던 밤을 같이 웃고
그렇게 잠드는 저녁들을 지나
우리 기억해요 지난날들까지도
사랑인 걸 그대 나에게 와줘요
아아 사랑해요
느리던 밤을
같이 웃고 그렇게 잠드는 저녁들을 지나
우리 기억해요 지난날들까지도
사랑인 걸 그대 나에게 와줘요"
"다섯 - ,","하나!둘!셋! 넷!다섯!

다섯 마리
아기 오리가
연못에 놀러 갔어요.
엄마 오리가
꽥, 꽥, 꽥, 꽥
네 오리만 돌아 왔어요.

하나!둘!셋! 넷!

네마리
아기 오리가 .
연못에 놀러 갔어요.
엄마 오리가.
꽥, 꽥, 꽥, 꽥
세 오리만 돌아 왔어요.

하나!둘!셋!

세 마리
아기 오리가
연못에 놀러 갔어요
엄마 오리가
꽥, 꽥, 꽥, 꽥
두 오리만 돌아 왔어요.

하나!둘!

두마리
아기 오리가
연못에 놀러 갔어요
엄마 오리가
꽥, 꽥, 꽥, 꽥
한 오리만 돌아 왔어요.
하나!

한마리
아기 오리가
연못에 놀러 갔어요
엄마 오리가
꽥, 꽥, 꽥, 꽥
아무도 돌아오지 않아요.

엄마오리
펑펑 울어요
아기오리 사라 졌어요
아빠 오리가
꽥, 꽥, 꽥, 꽥
다섯 오리 돌아 왔어요"
정우물 - blue,"순수했었던 그 시절엔
어떤 색깔만 봐도 특별했던
그런 나를 보면 참 슬퍼요
외로움도 많았던 그 시기도
지금 생각해보면 순진했고
그런 나를 보면 참 슬퍼요
서서히 나는 작아지고
아무도 모르게 조용히 울고
처음 헤어졌었던 그 기억도
점점 무뎌져가며 감정없는
그런 나를 보면 참 슬퍼요
서서히 나는 작아지고
아무도 모르게 조용히 울고
서서히 나를 달래어주면
다시 밝게비추는 나를 보며 웃고"
wave to earth - seasons,"나는 당신의 사랑이 될 수 없습니다
지금 당신에게는 너무 사소한 것 같습니다
오, 내 인생은 무너지고 있습니다
내가 사라지면 아무도 알지 못할 것입니다
그러나 나는 항상 당신을 위해기도 할 것입니다
내가 당신 옆에있을 수 있다면
내 시즌 내 평생을 줄 것입니다
나는 당신의 사랑이 될 수 없습니다
당신의 삶을 망칠 까봐 두려워
잎이 시들어 버렸을 때
그리고 다시 자랐습니다. 당신은 멀리갔습니다
나는 데이지를 밀어 올릴 것이다
그리고 여기에 모든 기회를 가져 오십시오
그러나 나는 항상 당신을 위해기도 할 것입니다
내가 당신 옆에있을 수 있다면
내 시즌 내 평생을 줄 것입니다
당신 옆에 나는 당신의 계절이 될 것입니다
나의 사랑"
The 1975 - About You,"나는 장소를 알고있다
내가가는 곳입니다
당신의 얼굴을 기억해야 할 때
우리는 머리 속에서 결혼합니다
우리가 시도하는 동안해야 할 일
우리가 어떻게 만났는지 기억하십시오
내가 잊어 버린 것 같아?
내가 잊어 버린 것 같아?
내가 잊었다고 생각하니?
당신에 대해?
당신과 나 (놓지 마)
우리는 살아있다 (놓지 마)
할 수있는 일은없이 할 수 있습니다
누워서 눈을 바라보세요
잠깐 (놓지 마)
그리고 척하십시오 (놓지 마십시오)
붙잡고 희망합니다
우리는 결국 우리의 길을 찾을 것입니다
내가 잊어 버린 것 같아?
내가 잊혀진 것 같아?
내가 잊었다고 생각하니?
당신에 대해?
내가 잊혀진 것 같아?
내가 잊어 버린 것 같아?
내가 잊었다고 생각하니?
당신에 대해?
당신에 대해 뭔가가있었습니다
지금은 기억할 수 없습니다
그것은 똑같은 빌어 먹을 것입니다
내 마음이 항복했다
그리고 기차에서 당신을 그리워 할게요
아침에 당신이 그리워요
나는 무엇에 대해 생각 해야할지 전혀 모른다
나는 당신에 대해 생각합니다
당신에 대해
당신은 생각하십니까?
나는 당신에 대해 잊었습니까?
당신에 대해
당신에 대해
당신은 생각하십니까?
나는 당신에 대해 잊었습니까?
당신에 대해"
예빛 - 소낙비,"하얀 꽃이 피는 날엔
어김없이 나를 찾아온다구요
이 밤도 그믐달도 지는 날엔
맘이 자꾸 내일로 가요
훗날 궂은 비가 내려와도
나는 그 자리에 있어요
아무도 찾지 않는 그곳에서
멍하니 하늘만 보네요
훗날 검은 비가 내려와도
내 맘 절대 물들지 않아요
아무도 찾지 않는 나를 따라
애꿎은 비만 내려요"
cosmic boy - 겨울(feat.선우정아&유라),"영화처럼 지나가버렸어요
그렇게 순식간에 한 해가 끝나가요
1 작은 그 숫자 안에
온갖 이야기들이
끝과 시작을 맞아요
모두 다 함께 말이에요
내가 바랬던 것
하지만 안 이루어진 것
차가운 공기 속에 후후 불어
날려 보내야죠 뭐
얼어붙은 손에 바램을 담아서
자그만 온기라도 호오
예쁘게 녹여야죠 뭐
어쩌겠어요
이상해 이렇게 추운데
다 괜찮을 것 같은 기분
그림을 그릴래
하얗게 덮인 추억 위에
또다른 소원을
마음을
사랑을
나의 소리는 noise
아픔 무방비 noir
이속에서 날 물어 뜯는
무언가는 미련 미련
나 묻지 말고 보내주오
우리는 풍석같은 파도야
때로는 선물 불안한 소음
그땐 왜 몰랐을까 왜
사랑했다 말해주오
미워했다 말해주오
미소짓고 있는 연습
그냥 흐르게 두고 있는 안녕
나의 소리는 noise
나의 소리는 noise
이속에서 날 물어뜯는 무언가는
초조한 불안 같은 건
차가운 공기 속에 후후 불어
날려 보내야죠 뭐
얼어붙은 손에 바램을 담아서
자그만 온기라도 호오
예쁘게 녹여야죠 뭐
어쩌겠어요
이상해 이렇게 추운데
다 괜찮을 것 같은 기분
그림을 그릴래
하얗게 덮인 추억 위에
또다른 소원을
마음을
사랑을
영화처럼 지나가버렸어요
그렇게 순식간에 한 해가 끝나가요
1 작은 그 숫자 안에
온갖 이야기들이
끝과 시작을 맞아요
모두 다 함께 말이에요"
브로콜리너마저 - 이웃에 방해가 되지 않는 선에서,"친구가 내게 말을 했죠
기분은 알겠지만 시끄럽다고
음악 좀 줄일 수 없냐고
네 그러면 차라리 나갈게요
그래 알고 있어 한심한 걸
걱정 끼치는 건 나도 참 싫어서
슬픈 노랠 부르면서
혼자서 달리는 자정의 공원
그 여름날 밤 가로등 그 불빛아래
잊을 수도 없는 춤을 춰
귓가를 울리는 너의 목소리에
믿을 수도 없는 꿈을 꿔
이제는 늦은 밤 방 한구석에서
헤드폰을 쓰고 춤을 춰
귓가를 울리는 슬픈 음악 속에
난 울 수도 없는 춤을 춰
내일은 출근해야 하고
주변의 이웃들은 자야 할 시간
벽을 쳤다간 아플 테고
갑자기 떠나버릴 자신도 없어
그래 알고 있어 한심한 걸
걱정 끼치는 건 나도 참 싫어서
슬픈 노랠 부르면서
혼자서 달리는 자정의 공원
그 여름날 밤 가로등 그 불빛아래
잊을 수도 없는 춤을 춰
귓가를 울리는 너의 목소리에
믿을 수도 없는 꿈을 꿔
이제는 늦은 밤 방 한구석에서
헤드폰을 쓰고 춤을 춰
귓가를 울리는 슬픈 음악 속에
난 울 수도 없는 춤을 춰"
카더가든 - 꿈을 꿨어요,"할 수 없던 말들 기대어 숨던 곳을
나 오늘에서야 돌아봐요
낮은 천장 위로 열어본 둘의 소원
그때도 난 내가 가여웠을까
멀어진 품 되돌아갈 순 없지만
나는 볼 수 있어요
서러움 반 그저 사랑은 아니었던
꿈을 꿨어요
몰래 빠져나온 거리 위로 뉘어진
네온 사이 난 춤을 췄어요
엄마의 그 노래 기억하고 있단 게
알아요 이젠 더 선명한 것을
멀어진 품 되돌아갈 순 없지만
나는 볼 수 있어요
서러움 반 그저 사랑은 아니었던
꿈을 꿨어요
잊어가고 잃어버린다는 걸
난 나누어 느낄 수가 있고
머물 수가 없어 살아내려 운 것은
지금이 됐기에"
참솜 - 명왕성,"우린 만나고 헤어지는 날이 많았지
그땐 이대로 멀어질줄도 모른 채
이끌림에 따른 이 떨림 속에만
헛된 꿈을 꾸고 말았지
멀어진 넌 작은 별
사라져만 가버려
너라는 기억조차 남지 못한 채
오늘따라 밤은 더 기네
우린 서로의 맘을 다 세지 못했지
검은 하늘의 파란 별들이 그렇듯
설렘과 잦은 망상들 속에 난
당치 않는 꿈에 잠겨 살았지
멀어진 넌 작은 별
사라져만 가버려
너라는 기억조차 남지 못한 채
오늘따라 밤은 더 기네
아 잡은 건
멀어져만 가버려
너라는 기억조차 붙잡지 못한 채
오늘따라 밤은 더 기네"
김수영 - 비워내려고 합니다,"날 사랑하겠대 좋아하겠대
내가 하는 뭐든 다 너무 좋대
서서히 나 너에게 빠져드는데
나란히 걸었던 건 아닌가 봐
이렇게도 내가 넌 궁금해
다 말해 달래
내가 원하는 거 같이 느끼고 싶대
그런 말들에 나 서서히 빠져드는데
너는 아니었나 봐
오 사랑인가 봐
이번엔 진짜야
그렇게 믿을래
이렇게 아픈데 혼자 견뎌야 한대
나는 또 이렇게
아픈 사랑을 비워내려고 합니다
나만 바라보겠대 좋아하겠대
내가 원하는 거 다 해주겠대
서서히 나 너에게 다가가는데
자꾸만 넌 멀리 떠나가나 봐
이렇게 또 내가 넌 궁금해
다 말해 달래
내가 원하는 거 같이 느끼고 싶대
그런 말들에 나 서서히 빠져드는데
너는 아니었나 봐
오 사랑인가 봐
이번엔 진짜야
그렇게 믿을래
이렇게 아픈데 혼자 견뎌야 한대
나는 또 이렇게
아픈 사랑을 비워내려고 합니다"
BMK - 꽃피는 봄이 오면,"꽃피는 봄이오면

니가 떠난 그 후로
내 눈물은 얼 수 없나봐
얼어붙고 싶어도
다시 흐른 눈물 때문에
널 잃은 내 슬픔에
세상이 얼어도
날이 선 미움이 날 할퀴어도
뿌리 깊은 사랑을
이젠 떼어낼 수 없나봐
처음부터 넌 내 몸과
한 몸이었던 것처럼
그 어떤 사랑조차 꿈도 못꾸고
이내 널 그리고 또 원하고
난 니 이름만 부르짖는데
다시 돌아올까
네가 내 곁으로 올까
믿을 수가 없는데
믿어주면 우린 너무 사랑한
지난 날처럼 사랑하게 될까
그 때의 맘과 똑같을까
계절처럼 돌고 돌아
다시 꽃 피는 봄이 오면
기다리는 이에겐
사랑말곤 할게 없나봐
그 얼마나 고단한지
가늠도 못했었던 나
왜 못 보내느냐고
오 왜 우냐고
자꾸 날 꾸짖고 날 탓하고
또 그래도 난 너를 못잊어
다시 돌아올까
네가 내 곁으로 올까
믿을 수가 없는데
믿어주면 우린 너무 사랑한
지난 날처럼 사랑하게 될까
그 때의 맘과 똑같을까
계절처럼 돌고 돌아
다시 꽃 피는 봄이 오면
참 모질었던 삶이였지만
늘 황폐했던 맘이지만
그래도 너 있어 눈부셨어
널 이렇게도 그리워
견딜 수가 없는 건
나 그 때의 나 그 날의
내 모습이 그리워
시간에게 속아
다른 누굴 허락하고
다른 누군가에게
기대 서로 묻고 산다고 해도
날 기억해줘 한 순간이지만
우리가 사랑했다는 걸
너와 나눈 사랑은 참
삶보다 짧지만
내 추억 속에 사는 사랑은
영원할테니까
꼭 찰나같아 찬란했던
그 봄날은"
언니네 이발관 - 가장 보통의 존재,"- 가장 보통의 존재 -

관심을 애처로이 떠나보내고
내가 온 별에선 연락이 온지
너무 오래되었지
아무도 찾지 않고
어떤 일도 생기지
않을 것을 바라며
살아온 내가 어느날 속삭였지
나도 모르게
이런 이런 큰일이다
너를 마음에 둔게
당신을 애처로이 떠나보내고
그대의 별에선 연락이 온지
너무 오래되었지
너는 내가 흘린 만큼의 눈물
나는 니가 웃은 만큼의 웃음
무슨 서운하긴
다 길 따라 가기 마련이지만
그래도 먼저 손 내밀어 주길
나는 바랬지
나에겐 넌 너무나 먼 길
너에게 난 스며든 빛
이 곳에서 우린 연락도
없는 곳을 바라 보았지
이런 이런 큰일이다
너를 마음에 둔게
평범한 신분으로 여기 보내져
보통의 존재로 살아온 지도
이젠 오래되었지
그동안 길따라 다니며
만난 많은 사람들
다가와 내게
손 내밀어 주었지
나를 모른채
나에게 넌 허무한 별빛
너에게 난 잊혀진 길
이곳에서 우린 변하지
않을 것을 약속했었지
이런 이런 큰일이다
너를 마음에 둔게
이런 이런 큰일이다
나를 너에게 준게
나에게 넌 너무나 먼 길
너에게 난 스며든 빛
언제였나 너는
영원히 꿈 속으로 떠나버렸지
나는 보통의 존재
어디에나 흔하지
당신의 기억 속에
남겨질 수 없었지
가장 보통의 존재
별로 쓸모는 없지
나를 부르는 소리
들려오지 않았지"
"자우림 - 스물다섯, 스물하나","바람에 날려 꽃이 지는 계절엔
아직도 너의 손을 잡은 듯 그런 듯 해
그때는 아직 꽃이 아름다운 걸
지금처럼 사무치게 알지 못했어
우 너의 향기가 바람에 실려 오네
우 영원할 줄 알았던
스물다섯 스물하나
그 날의 바다는 퍽 다정했었지
아직도 나의 손에 잡힐 듯 그런 듯 해
부서지는 햇살 속에 너와 내가 있어
가슴 시리도록 행복한 꿈을 꾸었지
우 그날의 노래가 바람에 실려 오네
우 영원할 줄 알았던
지난날의 너와 나
너의 목소리도 너의 눈동자도
애틋하던 너의 체온마저도
기억해내면 할수록 멀어져 가는데
흩어지는 널 붙잡을 수 없어
바람에 날려 꽃이 지는 계절엔
아직도 너의 손을 잡은 듯 그런 듯 해
그때는 아직 네가 아름다운 걸
지금처럼 사무치게 알지 못했어
우 너의 향기가 바람에 실려 오네
우 영원할 줄 알았던
스물다섯 스물하나
우 그날의 노래가 바람에 실려 오네
우 영원할 줄 알았던
지난날의 너와 나
우
우
우 영원할 줄 알았던
스물다섯 스물하나
스물다섯 스물하나"
가을방학 - 가끔 미치도록 네가 안고 싶어 질때가 있어,"만약이라는 두 글자가
오늘 내 맘을 무너뜨렸어
어쩜 우린
웃으며 다시 만날 수 있어
그렇지 않니
음악을 듣고 책을 읽고
영화를 보고 사람들을 만나고
우습지만
예전엔 미처 하지 못했던
생각도 많이 하게 돼
넌 날 아프게 하는 사람이 아냐
수 없이 많은 나날들 속을
반짝이고 있어 항상 고마웠어
아무도 이해할 수 없는 얘기겠지만
그렇지만 가끔 미치도록 네가
안고 싶어질 때가 있어
너 같은 사람은 너 밖에 없었어
마음 둘 곳이라곤 없는 이 세상 속에

넌 날 아프게 하는 사람이 아냐
수 없이 많은 나날들 속을
반짝이고 있어 항상 고마웠어
아무도 이해할 수 없는 얘기겠지만
그렇지만 가끔 미치도록 네가
안고 싶어질 때가 있어
너 같은 사람은 너 밖에 없었어
마음 둘 곳이라곤 없는 이 세상 속에"
다이나믹 듀오 - 북향(feat.오혁),"내 방 창문은 북쪽을 향해 있어
하루 종일 해가 들지 않어
삭막함에 화분을 키워도
순식간에 시들시들해지잖아
내 방처럼 나도 변해가고 있어
좁고 어둡게 작고 어둡게
이 어둠이 편한지도 몰라
상처가 잘 보이지 않으니까
네가 필요하다고 말하면
과연 네가 와줄까
북향인 내 방
북향인 내 방
내 손을 잡고
어디든지 나가자고 해줄까
북향인 내 방에서
늘 피곤해 낮은 외로워 밤은
내 지금도 감은 두 눈에 단잠은 가뭄
이 어두운 방을 흐르는 시간은
지독히 더디게 가는데
거울 속에 나는
비추지 세월의 빠름 어제와 다름
두 다리는 감금 된 듯
좁은 방구석 만을
계속 맴돌지만 내 맘은 미친 듯
top to the bottom
지금 어딨을까
너는 네가 보고싶어 나는
네가 보고싶어
나는 네가 보고싶어 나는
네게 묻고 싶어
나를 보러 여기로 와줄까를
네 얼굴은 밝고
내 맘은 비 내리는 하늘
해 안 드는 내 방은
낙엽 흩날리는 가을
네 앞에서 떳떳하고 싶은데
그게 아니라 헛헛해
부드럽게 네게 다가가고 싶지만
더럽게 뻣뻣해
온종일 침묵인 전화길
확인할 때마다 섭섭해
한 번씩 서럽게 혼자서 버럭 해
그렇게 오늘도 달 뜨지 덧없게
네가 필요하다고 말하면
과연 네가 와줄까
북향인 내 방
북향인 내 방
내 손을 잡고
어디든지 나가자고 해줄까
북향인 내 방에서
혼자인 게 어쩌면 당연한데
나 또한 그 누구도 찾지 않았기에
여긴 어둡고 밖은 더 화창해보여
난 창백해지고 넌 말짱해보여
해가 왔다 간지도 모르는 방
마음은 암막 같아 막막한 밤
네모난 창과 네모난 전화
밝기만 한데
나의 네모난 작은방은 어두워
네가 필요하다고 말하면
과연 네가 와줄까
북향인 내 방
북향인 내 방
내 손을 잡고
어디든지 나가자고 해줄까
북향인 내 방에서
Take my hands
Take my hands
Take my hands
Take my hands"
colde - 벽,"난 넓은 세상 안에 떨어진 새
우리는 모두 나는 법을 모른척해
이건 세상 아닌 작은 새장 같아
난 숨기지 않고서 벽에 낙서를 해
나의 꿈들은 더 높은 곳까지
올라가야만 해서 더 나를 밀어
내가 바랬던 걸 이룰 때까지
멈출 수 없다는 걸 난 알고 있기에
숨을 참고서
나는 날개를 펴
내 앞에 있는 벽을
전부 깨부셔
침묵이 소음을
덮는 밤이 찾아온 뒤
하나 둘 모여서
우린 노래했네
삶이 우리에게 던진 질문들과
그 답을 찾기 위해 쌓아올린 걸 봐
나의 목소리
나의 노랜 시
나의 노랜 빛
너의 마음이
닫히지 않길
기도하는 이
무너지지 않는 벽은 없을 테니
흩날리는 꽃잎처럼 떨어지겠지
우리의 젊음은 돌아갈 수 없는 길
허나 방금까지 내가 걸어왔던 길
그렇게 삶은 이렇듯 허무하게
무너지는 벽이지
그래 나의 목소리
나의 노랜 시
나의 노랜 빛
절대 무너지지 않는 것은
사랑하는 힘
그래 그래
숨을 참고서
나는 날개를 펴
내 앞에 있는 벽을
전부 깨부셔
저 높은 곳까지 올라가고 싶어
가까워지는 태양은 더 나를 비춰
여기 아픈 상처들은 두고 나를 잊어
여기 아픈 기억들은 두고 나를 지워"
윤지영 - 언젠가 너와 나(feat.카더가든),"언젠가 너와 나 중에
누굴 선택해야한다면
나는 너를 고르고 멀리 떠날래
그런 나를 이해해줄까
딱히 도망가는 건 아닌데
그냥 그런 나라고 기억해도 돼
사랑했던 건 다시 못보겠지만
차라리 이게 더 나을 거야
내 마음을 모두 다 말해 줄 순 없나 봐
오래 기억될 무얼 남겨줄게
언젠가 너와 나 중에
누가 멈춰서야 한다면
나는 잡은 손을 놓고선 숨을래
그런 내가 미워보일까
미안한 맘이 없진 않은데
그냥 그런 나라고 기억해도 돼
사랑했던 건 다시 못보겠지만
차라리 이게 더 나을 거야
내 마음을 모두 다 말해 줄 순 없나 봐
오래 기억될 무얼 남겨줄게
사랑했던 건 다시 못보겠지만
차라리 이게 더 나을 거야
내 마음을 모두 다 말해 줄 순 없나 봐
오래 기억될 무얼 남겨줄게"
김사월 - 로맨스,"내 마음 받으러 올래
난 운전은 못하니 네가 가지러 와
엄청 많으니까 아무 때나 찾아와
사랑 보다 먼저
넌 나를 사랑하라 했잖아
너도 그거 못하잖아
우리를 돕고 싶어
사랑 보다 먼저
넌 나를 사랑하라 했잖아
너도 그거 못하잖아
우리를 돕고 싶어
왜 넌 나를 사랑하지 못해
우리 사랑해야 해
네가 기쁠 만큼
어떻게든 너를 행복하게 할 거야
사랑 보다 먼저
넌 나를 사랑하라 했잖아
너도 그거 못하잖아
우리를 돕고 싶어
사랑 보다 먼저
넌 나를 사랑하라 했잖아
너도 그거 못하잖아
우리를 돕고 싶어
사랑 보다 먼저
넌 나를 사랑하라 했잖아
너도 그거 못하잖아
우리를 돕고 싶어
사랑 보다 먼저
넌 나를 사랑하라 했잖아
너도 그거 못하잖아
우리를 돕고 싶어"
Verandah Project - 기필코,"왜이렇게 안풀려 하루종일
책상앞에 앉아 머릴 싸메고 울어도
왜이럴까 모두 뻔한 얘기
어디선가 한번
들어본것 같은 얘기들
나 초조해 나 겁이나
이제는 바닥이 나버린걸까
딱 한살만 어려도
좀더 쉬울것만 같아
이대로 그냥 멈출 순 없잖아
절대로 아무렇게 나는 안돼
그럴 순 없어
제대로 내가 맘에 들때까지
기필코 나는 해내고 말테야

왜이렇게 하고픈 일이 많아
벌써 몇시간째
엄한 잡생각뿐인지
무얼할까 어딜 놀러갈까
절로 한숨이나
누가 나 대신 좀 해줬으면
참 막막해 참 답답해
왜 나는 천재과가 아닌걸까
딱 하루만 더 있음
좀 더 잘할 것만 같아
그래도 내가 제일 잘 하는 일
그토록 내가 바랬던 나의 꿈
내 삶의 이유
이대로 도망칠 수는 없잖아
기필코 나는 해내고 말테야
가자 가자 끝을 향해
이대로 그냥 멈출 순 없잖아
절대로 아무렇게 나는 안돼
그럴 순 없어
제대로 내가 맘에 들때까지
내일의 내가 부끄럽지 않게
그래도 내가 제일 잘 하는 일
그토록 내가 바랬던 나의 꿈
내 삶의 이유
이대로 후회할 수는 없잖아
기필코 나는 해내고 말테야
누가 뭐래도
뭐래도 내가 선택한 나의 길
그토록 내가 바랬던 나의 꿈
내 삶의 이유
이대로 물러 수는 없잖아"
딕펑스 - 바래져,"한장 두장씩 책을 넘기다 무심코
머문 그 페이지에는 니가 남겨둔
짧은 편지가 남겨져 있어
날 힘들게 해
사랑한다고 좋아한다고 빼곡히
적힌 그 한 구석엔 아직도 너의
향기가 나 지금도 거기 머물러서
널 기다리던 날들 밝은 빛이
비추고 널 놓지 못한 아직
잡고있던 기억들이
바래져 바래져
추억은 항상 그 곳에 머물러
못본척 살던 나를 괴롭히고 잊은척
살던 날 힘들게 해 아직도
거기 머물러서
널 기다리던 날들 밝은 빛이
비추고 널 놓지 못한 아직
잡고있던 기억 들이
바래져 바래져
바래져 바래져
바래져
추억은 항상 그곳에 머물러"
AKMU - 시간과 낙엽,"맨발로 기억을 거닐다
떨어지는 낙엽에
그간 잊지 못한 사람들을 보낸다
맨발로 기억을 거닐다
붉게 물든 하늘에
그간 함께 못한 사람들을 올린다
시간은 물 흐르듯이 흘러가고
난 추억이란 댐을 놓아
미처 잡지 못한 기억이 있어
오늘도 수평선 너머를 보는 이유
맨발로 기억을 거닐다
날 애싸는 단풍에
모든 걸 내어주고
살포시 기대본다
맨발로 기억을 거닐다
다 익은 가을내에
허기진 맘을 붙잡고
곤히 잠이 든다
가슴의 꽃과 나무 시들어지고
깊게 묻혀 꺼내지 못할 기억
그 곳에 잠들어 버린
그대로가 아름다운 것이
슬프다 슬프다
맨발로 기억을 거닐다
노란 은행나무에
숨은 나의 옛날 추억을 불러본다
맨발로 기억을 거닐다
불어오는 바람에
가슴으로 감은 눈을 꼭 안아본다"
아이유 - 소격동,"나 그대와 둘이 걷던
그 좁은 골목계단을 홀로 걸어요
그 옛날의 짙은 향기가
내 옆을 스치죠
널 떠나는 날 사실 난
등 밑 처마 고드름과 참새소리
예쁜 이 마을에 살 거예요
소격동을 기억하나요
지금도 그대로 있죠
아주 늦은 밤 하얀 눈이 왔었죠
소복이 쌓이니 내 맘도 설레었죠
나는 그 날 밤 단 한숨도 못 잤죠
잠들면 안돼요
눈을 뜨면 사라지죠
어느 날 갑자기 그 많던 냇물이
말라갔죠
내 어린 마음도 그 시냇물처럼
그렇게 말랐겠죠
너의 모든 걸 두 눈에 담고 있었죠
소소한 하루가 넉넉했던 날
그러던 어느 날 세상이 뒤집혔죠
다들 꼭 잡아요
잠깐 사이에 사라지죠
잊고 싶진 않아요
하지만 나에겐
사진 한 장도 남아있지가 않죠
그저 되뇌이면서 되뇌이면서
나 그저 애를 쓸 뿐이죠
아주 늦은 밤 하얀 눈이 왔었죠
소복이 쌓이니 내 맘도 설레었죠
나는 그 날 밤 단 한숨도 못 잤죠
잠들면 안돼요
눈을 뜨면 사라지죠"
문문 - 애월,"사랑을 말하거나
바다를 바라볼 때
눈가가 시려 오면
어른이 된 거래요
겁이 참 많았어요
내가 더 빠질까 봐
눈가가 시리네요
어른이 됐나 봐요
그 시절에 나는
너에게 빠져
주정뱅이 같은
노랠 했어요
좋아했나 봐요
많이 많이요
다시 생각해도
아찔한 걸 보니
내 모든 것들이
부서져도
남은 건 너 하나
일 거예요
끝에 와야 아는
내 사랑 처음
짧았던 봄으로
널 기억해요
날 보는 눈이
차가웠어도
온기 잃지 말고
따뜻해 줘요
바람이 차다거나
태양이 짧아질 때
코끝이 찡해오면
어려 진거래요
별이 참 많았어요
구월에 작은 섬엔
코끝이 찡하네요
어려 졌나 봐요
우리들의 밤은
우주가 만든
대사 하나 없는
영화 였어요
그리운가봐요
많이 많이요
낮과 밤이 바뀌어
괴로울 만큼
내 남은 것들이
없어져도
아련한 그대를
지켜줘요
눈에 담고 사는
내 사랑 처음
그때에 그대로
있을게요
어색한 눈빛과
표정으로
자주 쉬곤 했던
목소리까지
그때에 그대로 있을게요
그때에 그대로 있을게요"
스텔라장 - 그대는 그대로,"그대가 속한 세상이
그대를 지치게 하고
그대가 그대가 아닌
사람이기를 강요하네
그대가 속한 세상엔
많은 사람들이 있고
많은 사람들 가운데
나라는 한 사람이 있네
세상의 어둠이 짙어
그대가 길을 잃을 때
내가 빛이 되고 싶어
그대는 그대로
그냥 그대인 채로 남으면 돼
그대가 속한 세상에
나라는 사람이 있네
그대가 그대다움에
난 그댈 보며 미소 짓네
세상의 어둠이 짙어
그대가 길을 잃을 때
내가 빛이 되고 싶어
그대는 그대로
그냥 그대인 채로 남으면 돼
그대는 그대로
그대는 그대로
세상의 어둠이 짙어
그대가 길을 잃을 때
내가 빛이 되고 싶어
그대는 그대로
그냥 그대인 채로 남으면 돼"
좋아서하는밴드 - 1초 만에 만나는 방법,"별이 총총총 빛나던 밤에
새까만 하늘 아래 단 둘이서 앉아
그 별이 모두 사라질 때까지
함께 지샌 밤이 참 그립구나
고갤 들어서 하늘 바라보면
총총 빛나던 별은 모두 어디 갔니
눈을 감고서 다시 바라보면
그 밤 그 별이 앞에 있구나
모두 보이는 대로 믿는 세상이지만
때론 눈을 감아야 알 수 있지
모두 똑같은 얼굴 속에 숨은 마음들
때론 눈을 감아야 볼 수 있어
넌 지금 내 앞에 없지만
이 눈을 감으니 나의 품속에 있네
난 지금 네 앞에 없지만
이 눈을 감으니 너의 품속에 있네
모두 보이는 대로 믿는 세상이지만
때론 눈을 감아야 알 수 있지
모두 똑같은 얼굴 속에 숨은 마음들
때론 눈을 감아야 볼 수 있어
너와 날 가르던 그 날의 밤공기
감았다 떠봐도 여전히 넌 그 자리에
날 보며 날 바라보며
서 있을 것만 같아
넌 지금 내 앞에 없지만
이 눈을 감으니 나의 품속에 있네
난 지금 네 앞에 없지만
이 눈을 감으니 너의 품속에 있네"
AKMU - 그때 그 아이들은,"지친 꿈을 이끌고 계속 걷다 보니
첫발을 함께 떼어 달려왔던
친구들이 곁에 없다는 걸
어느 순간 깨닫게 되지
함께 이뤄갈까 성공해 다시 보자
지금쯤 현실의 처음을 겪고 있다면
그때완 다른 웃음 짓고 있으려나
그땐 함께 영원할 것만 같았지
어렸던 세상을 걷어내면
비탈지던 저 좁은 길가로 흩어져
화려하고 순수했던 꿈
너의 두 손에 넘쳐 흘렀던 그 한 움큼은
꼭 쥐고 살아가길
나로 시작될 거야 하늘을 날아보자
지금쯤 턱 막힌 장벽에 날개를 숨긴
그때 그 아이들과 우리의 꿈이
그땐 함께 영원할 것만 같았지
어렸던 세상을 걷어내면
비탈지던 저 좁은 길가로 흩어져
화려하고 순수했던 꿈
너의 두 손에 넘쳐 흘렀던 그 한 움큼과
그 두 손 모아 기도했던 시간이
이루어질 수 있도록
그땐 함께 이룰 거라고 믿었지
작은 손과 발로 서로를 잡고
뛰던 세상이 다였던 우리 어린 시절의
간절하고 행복했던 꿈
너의 두 손에 넘쳐 흘렀던 그 한 움큼은
꼭 쥐고 살아가길
서투른 삶 걸음으로 상처를 입고
새로운 만남에 세상이 낯설어도
훗날 모두 이뤄 보일거야
내가 알던 그때 그 아이들은"
정키 - 홀로,"아침에 눈을 떴을 때
텅 빈 방안에 나 홀로
니 빈자리 거닐면서
많은 생각들에 잠겨
지워질 수 없는 기억
돌이킬 수 없는 우리
헤어날 수 없는 나와
멀어져만 가는 너를 바라봐
누군가 한 말 처럼 언젠가
만날 거라 그렇게
우린 헤어진 거야
집에 오는 길을 홀로
텅 빈 방 침대에 홀로
너와의 기억에 홀로
나 홀로 무뎌질 가슴
안고 추억 속에 살아 홀로
방안에서 깨면 홀로 늘
있던 니가 없어 익숙해지겠지
나 홀로
그 때를 기억하니 너와
내가 우리란 말로
함께 할 수 있었던
그 날의 사랑들을
잠시 맞잡았던 두 손
차마 놀 수 없어 붙잡았던
우리라 해도
그립고 그리워 그저
바라만 봐야 했어
누군가 한 말 처럼 언젠가
만날 거라 그렇게 우린
헤어진 거야
집에 오는 길을 홀로
텅 빈 방 침대에 홀로
너와의 기억에 홀로
나 홀로 무뎌질 가슴
안고 추억 속에 살아 홀로
방안에서 깨면 홀로
늘 있던 니가 없어
익숙해지겠지 나 홀로
지난 시간들이 그리워
힘든 건지 내 손길만을
기다린 건지
다른 누군갈 만날
내 모습 바란 건지
그저 날 사랑한다고 말해줘
집에 오는 길을 홀로
텅 빈 방 침대에 홀로
너와의 기억에 홀로
나 홀로 무뎌질 가슴 안고 살아
보고 싶어 매일 널 그리며 살아
다시 아파한다 해도
내게 손 내밀어
그저 날 사랑한다고 말해줘
이제 더 이상 잊혀질
그 날처럼 처음 날
만나서 설레었던
그 날 그 때로 다시 돌아와
나 하나만 바라보며
사랑한다고 말했던
그 때의 우리로 돌아갈래
텅 빈 방 침대에 홀로
너와의 기억에 홀로
나 홀로 무뎌질 가슴
안고 추억 속에 살아 홀로
방안에서 깨면 홀로 늘
있던 니가 없어 익숙해지겠지
나 홀로"
옥상달빛 - 빨주노초파남보,"아침을 깨워주는
나무 위의 새들과
솜털같이 부드러운
하늘 위 구름까지
노란 달을 품은 저 깊은 강도
여린 빛을 뿜어내는 저 별들까지

한그루의 나무가 모여
큰산이 될때까지
어린 고기들이
저 큰 바다로 헤엄칠때까지
다섯살인 옆집아이도
그 아이에 아이까지도
이세상이 아름답다 느낄 수 있도록
내가 그들을 지켜줘야 한다는것을
우리가 그들을 지켜줘야 하는것을
내가 그들을 지켜줘야 한다는것을
우리가 그들을 지켜줘야 하는것을"
정은지 - 하늘바라기,"꽃 잎이 내 맘을 흔들고
꽃 잎이 내 눈을 적시고
아름다운 기억
푸른 하늘만
바라본다
꼬마야 약해지지마
슬픔을 혼자 안고 살지는 마
아빠야 어디를 가야
당신의 마음처럼 살 수 있을까
가장 큰 별이 보이는 우리 동네
따뜻한 햇살 꽃이 피는 봄에
그댈 위로해요 그댈 사랑해요
그대만의 노래로
뚜루뚜뚜두 두두두
뚜루뚜뚜두 두두두
뚜루뚜뚜두 두두두
하늘바라기 하늘만 멍하니
가장 큰 하늘이 있잖아
그대가 내 하늘이잖아
후회 없는 삶들
가난했던 추억
난 행복했다
아빠야 약해지지마
빗속을 걸어도 난 감사하니깐
아빠야 어디를 가야
당신의 마음처럼 살 수 있을까
가장 큰 별이 보이는 우리 동네
따뜻한 햇살 꽃이 피는 봄에
그댈 위로해요 그댈 사랑해요
그대만의 노래로
따뜻한 바람이 부는 봄 내음
그대와 이 길을 함께 걷네
아련한 내 맘이 겨우 닿는 곳에
익숙한 골목 뒤에 숨어있다가
그대 오기만 오기만
기다린 그때가 자꾸만 떠올라
가장 큰 별이 보이는 우리 동네
따뜻한 햇살 꽃이 피는 봄에
그댈 위로해요 그댈 사랑해요
그대만의 노래로
뚜루뚜뚜두 두두두
뚜루뚜뚜두 두두두
뚜루뚜뚜두 두두두
하늘바라기 하늘만 멍하니"
제이레빗 - 내일을 묻는다,"시간을 맴돌아
그 어릴 적 꿈꾸던 곳에
익숙한 목소리 작은 소녀가
소소한 발걸음에 부르던 콧노래

아무도 모르는
비밀의 문에 들어가
마음 가득 소망을 담아
행복한 미소 짓고
몰래 눈물도 훔치고
오늘 이 노래를 부른다
아득한 시간을 되돌아보고
모든 게 선명하지 않더라도
소중했던 추억이
기억들을 지워버린
나의 지난 날들이
또 다른 내일을 묻는다

아무도 모르는
비밀의 문에 들어가
마음 가득 소망을 담아
행복한 미소 짓고
몰래 눈물도 훔치고
오늘 이 노래를 부른다
아득한 시간을 되돌아보고
모든 게 선명하지 않더라도
소중했던 추억이
기억들을 지워버린
나의 지난 날들이
또 다른 내일을 묻는다

모든 게 선명하지 않더라도
소중했던 추억이
기억들을 지워버린
나의 지난 날들이
또 다른 내일을 묻는다"
요조 - 우리는 선처럼 가만히 누워,"우리는 선처럼 가만히 누워
닿지 않는 천장에 손을 뻗어보았지
별을 진짜 별을 손으로
딸 수 있으면 좋을텐데
그럼 너의 앞에 한 쪽만 무릎꿇고
저 멀고 먼 하늘의 끝
빛나는 작은 별
너에게 줄게
다녀올게
말할 수 있을텐데
우리는 선처럼 가만히 누워
볼 수 없는 것을 보려
눈을 감아보았지
어딘가 정말로 영원이라는
정류장이 있으면 좋을텐데
그럼 뭔가 잔뜩 들어있는 배낭과
시들지 않는 장미꽃 한 송이를 들고
우리 영원까지
함께 가자고
말할 수 있을텐데
우리는 선처럼 가만히 누워
우리는 선처럼 가만히 누워
우리는 선처럼 가만히 누워
우리는 선처럼 가만히 누워
우리는 선처럼 가만히 누워
우리는 선처럼 가만히 누워
우리는 선처럼 가만히 누워
우리는 선처럼 가만히 누워"
"박지윤 - 봄, 여름 그 사이","빛 나무 빛 그림자사이
빛 구름 빛 그림자소리
빛 바람 소리에 나뭇가지는
흔들흔들거리네
아스팔트위에 아지랑이는
꼬물꼬물 거리네
봄 여름 그사이에
너와 나의 사랑 얘기
빛 사랑 빛 눈을 감아요
빛 기억 빛 숨을 쉬어요
빗 방울 소리에 우리 사랑도
희미해져 내리네
뿌옇게 번지는 가로등 불 아래
눈물만 차오르네
시간은 다 흐르고
다 그렇게 지워진다
빗 방울 소리에 우리 사랑도
희미해져 내리네
뿌옇게 번지는 가로등 불 아래
눈물만 차오르네
시간은 다 흐르고
다 그렇게 지워진다
난 니가 참 보고플꺼야
봄 여름 봄 이제는 안녕"
자우림 - 17171771,"천사의 미소처럼 새들의 노래처럼
이토록 사랑스런 당신이 좋은걸요
어서 내게로 와요 영원히 함께 해요
우리 함께라면 두렵지 않은걸요

세상에 단 한사람 당신
당신을 만나기 위해 나
이 세상에 태어난 걸 알고 있나요

어쩌면 우린 예전부터
이름모를 저 먼 별에서
이미 사랑해 왔었는지도 몰라요

오월의 햇살처럼 시월의 하늘처럼
그렇게 못견디게 당신이 좋은걸요
어서 내게로 와요 느끼고 있잖아요
어느새 슬픔이 사라져 버린걸
나나나나-

때론 폭풍우 거센 밤에
별에서 찾아온 악마들이
우리를 갈라 놓으려 할때면

조용히 서로 마주앉아
가만히 서로의 손을잡고
향긋한 낙원을 떠올리지요

바람은 잦아들고 먹구름 사라지고
햇살이 따스하게 미소 짓고 있네요
우리 함께 있으면 두렵지 않은 걸요
악마도 지옥도 검은 운명도

아가의 살결처럼 소녀의 향기처럼
그렇게 못견디게 당신이 좋은걸요
어서 내게로 와요 다 알고 있는걸요
서로를 위해 우리 태어났잖아요

천사의 미소처럼 새들의 노래처럼
이토록 사랑스런 당신이 좋은걸요 -"
가을방학 - 속아도 꿈결,"산책이라고 함은
정해진 목적 없이
얽매인 데 없이
발길 가는 대로 갈 것
누굴 만난다든지
어딜 들른다든지
별렀던 일 없이
줄을 끌러 놓고 가야만 하는 것
인생에 속은 채 인생을 속인 채
계절의 힘에 놀란 채
밤낮도 잊은 채 지갑도 잊은 채
짝 안 맞는 양말로
산책길을 떠남에
으뜸 가는 순간은
멋진 책을 읽다
맨 끝장을 덮는 그 때
인생에 속은 채 인생을 속인 채
계절의 힘에 놀란 채
밤낮도 잊은 채 지갑도 잊은 채
짝 안 맞는 양말로
산책길을 떠남에
으뜸 가는 순간은
멋진 책을 읽다
맨 끝장을 덮는 그 때
이를테면 봉별기의 마지막 장처럼
속아도 꿈결 속여도 꿈결
굽이 굽이 뜨내기 세상
그늘진 심정에 불 질러 버려라
속아도 꿈결 속여도 꿈결"
산들 - 나의 어릴 적 이야기,"어느 날 갑자기 생각나
내 이름 부르시던 목소리
지금도 내 귓가에 울리는데
아무도 기억 못하나 보다
사진 속 우리 바라보니
그때는 아주 평범했구나
생각만 해도 내 맘 이렇게 아픈데
아무도 기억 못하나 보다
내 얘기만 듣고 가세요
한 번도 용기 내지 못한
평생을 나 기억할게요
내 말 듣고 가세요
저기요 아저씨 잠시만요
사진 좀 같이 찍어주세요
언젠가 당신 얼굴 잊어버릴까
내는요 여기 남길 랍니다
어느 날 갑자기 생각이나
손잡고 거닐던 그 골목길
하나 둘 셋 걸으며 모두 좋았었는데
아무도 기억 못하나 보다
내 얘기만 듣고 가세요
한 번도 용기 내지 못한
평생을 나 기억할게요
내 말 듣고 가세요
저기요 아저씨 잠시만요
사진 좀 같이 찍어주세요
언젠가 당신 얼굴 잊어버릴까
내는요 여기 남길 랍니다
내가요 평생 기억할게요"
제이레빗 - 선잠,"그대 그 밤의 작은 불빛 외로움
짙은 차가운 밤
부질없는 욕심에 눈물을
삼킨날도 많았소
우리의 사랑이 시작되고 그대
손 마주잡고
함께한다면 이 세상
어떤 것 이라도
견뎌내리라 나 약속하겠소
언젠가 우리 삶이 힘겨울 때
세월이 지나고
아득한 그 향기가 잊혀져 간대도
사랑해 그대를 사랑해 오
나 그대의 향기가 되리
언젠가 우리 삶이 힘겨울 때
세월이 지나고
우리 지난 날 들이 바래져 간대도
사랑해 그대를 사랑해 오
나 그대의 추억이 되리
나 그대의 사랑이 되리"
넬 - 지구가 태양을 네 번,"천천히 솔직히 아주 금방까진
아니더라도 언젠간
잊혀질 거라고
믿었지 그렇게 믿고 지금까지
견뎌왔었는데 그런 날 비웃듯
그 기억들이 마치 중력처럼
내 모든 마음을 너에게로
끌어당기고 있어
벗어날 수가 없어
지구가 태양을 네 번 감싸
안는 동안 나는 수 백
번도 넘게
너를 그리워했고 눈물
흘려야 했어
참 그렇지 이렇게 날 힘들게
하고 외롭게 하는 그런
기억인데
그 기억들이 마치 중력처럼
내 모든 마음을 너에게로
끌어당기고 있어
벗어 날수가 없어
지구가 태양을 네 번 감싸
안는 동안 나는 수 백 번도
넘게 너를 그리워했고
또 지워가야 했어
왜 그래야만 했어
찰나의 순간에 영원히
갇혀진 흑백 사진 속 피사체같이
나의 슬픔은 항상 똑 같은
표정으로 널 향하고
지구가 태양을 네 번 감싸
안는 동안 나는 수 만 번도
넘게 너를 그리워했고
또 지워가야 했어 왜
그래야만 했어
지구가 태양을 네 번
감싸 안는 동안 한 번 생각해
본 적 있는 지
꽤 오랜 시간 지나 지구가
태양을 열 번 감싸 안은 후에도
널 여전히 그리워하고 있을
내 그 모습을
왜 그래야만 했어
왜 그래야만 했어
왜 날 떠나야 했어"
짙은 - 안개,"모든 게 희미해 보이는 밤이야
우린 어둠 속에 숨어 길을 나섰지
산등성이를 따라 올라가는 길
오르면 오를수록 안개는 깊어져
가슴 속에 머무는 풀내음과
어둠 속에 우릴 이끄는 하나의 달
모든 게 완벽해 다 준비돼 있어
도망가기에 좋은 그런 날이지
어디로 저 너머로
누구와 우리 둘이
안개 속을 지나서
마을에서 멀어져
누구도 우리에게
질문을 하지 않는
처음 같은 곳으로
도망가기 좋은 날
짙은 안개 속에 들어갔을 때
뭐가 제일 좋았는지 얘기해줄까
내 눈은 그댈 찾기 위해 빛나고
내 손은 그댈 잡기 위해
존재하는 것
어디로 저 너머로
누구와 우리 둘이
안개 속을 지나서
마을에서 멀어져
누구도 우리에게
질문을 하지 않는
처음 같은 곳으로
도망가자 나와 함께
모든 게 희미해 보이는 밤이야
우린 어둠 속에 숨어 길을 나섰지
산등성이를 따라 올라가는 길
오르면 오를수록 안개는 깊어져
처음 같은 곳으로 떠나가자
처음 같은 곳으로 나와 함께
처음 같은 곳으로
도망가기 좋은 날"
김거지 - 조금만 더,"나를 보며 웃는
너의 눈빛 속에
너를 보며 웃는
내 미소가 떠오르고
스며드는 너의 목소리가
지친 밤을 위로하네
숨겨둔 마음 한켠에 적힌
수없이 썼다 구겨져야 했던
한 장의 종이를
조심스레 펴서 읽을래
woo 조금만 더 떨리는 그 입술로
함께 있자고 조금만 더
woo 조금만 더 이 밤이 지나도록
함께 있자고 조금만 더
조금만 더 조금만 더
나를 보며 웃는
너의 미소 속에
너를 보며 웃는
미소가 겹쳐지고
스며드는 너의 멜로디가
지친 밤을 위로하려 해
숨겨둔 마음 한켠에 적힌
수없이 썼다 구겨져야 했던
한 장의 종이를
조심스레 펴서 읽을래
woo 조금만 더 떨리는 그 입술로
함께 있자고 조금만 더
woo 조금만 더 이 밤이 지나도록
함께 있자고 조금만 더
떨리는 그 입술로
함께 있자고 조금만 더
이 밤이 지나도록
떨리는 그 입술로
함께 있자고 조금만 더
이 밤이 지나도록
함께 있자고 조금만 더
떨리는 그 입술로
함께 있자고 조금만 더
이 밤이 지나도록
함께 있자고 조금만 더
조금만 더 조금만 더
조금만 더"
자전거 탄 풍경 - 너에게 난 나에게 넌,"너에게 난 해질녘 노을처럼
한편의 아름다운 추억이되고
소중했던 우리 푸르던날을 기억하며
우- 후회 없이 그림처럼 남아주기를

나에게 넌 내 외롭던 지난 시간을
환하게 비춰주던 햇살이 되고
조그맣던 너의 하얀 손위에
빛나는 보석처럼 영원의 약속이 되어

너에게 난 해질녘 노을처럼
한편의 아름다운 추억이되고
소중했던 우리 푸르던날을 기억하며
우 후회 없이 그림처럼 남아주기를

나에게 넌 초록의 슬픈 노래로
내작은 가슴속에 이렇게 남아
반짝이던 너의 예쁜 눈망울에
수많은 별이 되어 영원토록 빛나고 싶어

너에게 난 해질녘 노을처럼
한편의 아름다운 추억이되고
소중했던 우리 푸르던날을 기억하며
우 후회 없이 그림처럼 남아주기를

너에게 난 해질녘 노을처럼
한편의 아름다운 추억이되고
소중했던 우리 푸르던날을 기억하며
우 후회 없이 그림처럼 남아주기를"
10CM - 새벽 4시,"갈라진 창문 틈새에 스민
이상하리만치 따스한
그 겨울 밤 별빛을 아직 기억해
차가운 여관방 이불 속에
부끄러운 사랑의 자욱
하늘을 날았던 몸짓을 기억해 기억해
별이 쏟아진 다리
우리 야윈 손을 꼭 잡고 걸어가던
길을 걷다 마주한
가장 아름다운 순간에 바라보던
그 달 그 밤 그때에
나를 담은 작은 그림들이
지난 낭만의 꿈속에
어른이 된 나는 어지러워

새벽을 맞은 동네 골목에
이상하리만치 달콤한
자판기 커피 냄샐 아직 기억해
먼지에 가려진 빙판길에
어쩔 줄 모르던 고양이
그 살가운 울음소리를 기억해 기억해
별이 쏟아진 다리
우리 야윈 손을 천천히 놓아가며
길을 걷다 마주한
가장 안타까운 순간에 바라보던
그 달 그 밤 그때에
나를 담은 작은 그림들이
지난 낭만의 꿈속에
어른이 된 나는 어지러워
지나간 지난 얘기 지난 그림
어렴풋한 사랑의 장면
낭만의 꿈속 애매한 느낌
아련한 연기와 나
메마른 아침에 눈을 뜨면
안타까운 가장 아름다운 저 풍경에
더 아쉬운 귓가에 맴도는 목소리에
더 그리운 가장 아름다운 그 순간에
더 두려운
별이 쏟아진 다리
우리 야윈 손을 천천히 놓아가네
어려운 일이지만
가장 아름다운 순간에 바라보던
그 달 그 밤 그때에
나를 담은 작은 그림들이
지난 낭만의 꿈속에
어른이 된 나는 어지러워
그 달 그 밤
나를 담은 작은 그림들이
지난 낭만의 꿈속에
어른이 된 나는 어지러워

어른이 된 나는 어지러워"
올티 - 무중력,"너라는 별의 푸르름
널 가리는 대기권의 구름을
뚫을 정도로 선명해
누구든 널 보면 알 수 있어
오늘은 유난히도 밝네
나완 달리 밝은 빛과 함께 해
아마 달님도
널 질투할 게 분명해
너의 운명엔
늘 빛이 함께였으니까
Ma Darling
여전히 너의 주변의
어딜 거닐던
나보다 더 더욱 빛나는 별들이
널 감싸도니
내 빛은 안 보이겠지
차라리 그게 더
마음이 놓이겠지
넌 유일하고 난 무수해
그런 너에게
유일해지고 싶지만 우습게
또 혼자서 버릴 꿈
너에게 있어 난 그저
널 맴도는 하나의 별일 뿐
닿을 수 있을까
닿을 수 있을까
닿을 수 있을까
닿아선 안 될까
사실 나 혼자서 멋쩍게도
너에게 맞춰 바꿨어 공전궤도
내 스스로의 중력엔 어긋났지만
널 따라 돌고 도는 것을
더 원하지 난
너의 뒤편에 섰을 때
날 가득 덮는 그 그림자의 어둠
그것마저도 난 빛으로 여기지
내 삶엔 빛도 어둠도 없었거든
이 관계에 대해서 재해석 했어
이 계속되는
궤도 위에서 난 외행성
할 수 있는 게 있을까
주변을 맴도는 익숙한
이 습관의 순환
계속 끌려가지만
다가갈 수 없어
모난 내가 접근하면 넌 다쳐서
조금씩 멀어질 뿐야
너의 중력도 내가 짊어질 뿐야
닿을 수 있을까
닿을 수 있을까
닿을 수 있을까
닿아선 안 될까
내 마음 덩치만 크지 뭐
자칫 잘못하면
네 마음 주위를 맴돌다
쾅 부딪쳐
꿈에서만 그리던
너의 미소마저 다시 없을
공백이 될까 봐
말 줄임표
태양에게 물어보면
난 닿을 수 있어
달에게 물어보면
난 가릴 수 있어
난 닿을 수도
가릴 수도 없는데도
같은 거리에 머문 채로
맴돌아 넓은 궤도
어쩌다 널 발견했을까
좌로 우로 몸을 휘저어봐도
내 눈은 바로 그곳
너라는 별이 있는 곳에
못 박힌 채
똑같이 맴도는 꼴 못 가질 게
분명해도 용기 내보겠어
벗어날래
너와 다른 궤도에서
머무는 건 이제 곤란해
얼마가 걸리던
널 향해 갈게
겁나냐고 천만에"
"정인, 윤종신 - 오르막길","이제부터 웃음기 사라질거야
가파른 이 길을 좀 봐
그래 오르기 전에
미소를 기억해두자
오랫동안 못 볼 지 몰라
완만했던 우리가 지나온 길엔
달콤한 사랑의 향기
이제 끈적이는 땀
거칠게 내쉬는 숨이
우리 유일한 대화일지 몰라
한걸음 이제 한걸음일 뿐 아득한
저 끝은 보지마 평온했던 길처럼
계속 나를 바라봐줘
그러면 견디겠어
사랑해 이 길 함께 가는 그대
굳이 고된 나를 택한 그대여
가끔 바람이 불 때만 저 먼 풍경을
바라봐 올라온 만큼
아름다운 우리 길
기억해 혹시 우리 손 놓쳐도
절대 당황하고 헤매지 마요
더 이상 오를 곳 없는 그 곳은
넓지 않아서 우린 결국엔 만나
오른다면
한 걸음 이제 한걸음일 뿐
아득한 저 끝은 보지마
평온했던 길처럼
계속 나를 바라봐줘
그러면 난 견디겠어
사랑해 이 길 함께 가는 그대여
굳이 고된 나를 택한 그대여
가끔 바람이 불 때만 저 먼 풍경을
바라봐 올라온 만큼
아름다운 우리 길
기억해 혹시 우리 손 놓쳐도
절대 당황하고 헤매지 마요
더 이상 오를 곳 없는 그 곳은
넓지 않아서 우린 결국엔 만나
크게 소리 쳐 사랑해요 저 끝까지"
윤상 - 날 위로하려거든,"그때 너는 어디 있었냐고
나는 또 내게 묻는다
왜 너의 곁을 지키지 못했는지
그걸 묻고 또 묻는다
괜찮아질 거라는 말
이겨내라는 말
가시처럼 나를 찌르는 말
제발 날 그냥 내버려 둬
난 지금 세상을 잃었으니
전부 가진 줄 아는 자에겐
잃을 게 너무 많아서
이 세상을 다 잃은 슬픔 같은 건
쳐다보려 하지 않아
이제는 잊으라는 말
잊혀진다는 말
백지처럼 그저 뜻없는 말
제발 날 울게 내버려 둬
정말로 날 위로하려거든
날 그냥"
원 모어 찬스 - 내안에 하늘과 숲과 그대를,"내안에 하늘과 숲과 그대를
푸른 나무들 사이로 좁다란 하늘
한 가득 눈부신 햇살
그 햇살 아래서 날 바라보면서
환하게 웃음 짓던 그대
나는 그런 그댈 이제 잊고 싶어서
그 모든 걸 지우고 싶어서
추억들이 자라있는
이곳에 난 서서
기억에 기대어 보면
내 안에 하늘과 숲과 그대를
나는 어느 하나 지울
수가 없어서
내 맘에 다시 담아둔다
추억들이 자라나 저 하늘 끝까지
손에 닿지 않을 그 만큼
내게서 이제는 더 멀어져 가는
너와의 모든 기억들
내 안에 하늘과 숲과 그대를
나는 어느 하나 지울
수가 없어서
내 맘에 다시 담아본다
내 안에 하늘과 숲과 그대를
나는 어느 하나 지울
수가 없어서
내 맘에 다시
내 안에 하늘과 숲과 그대를
나는 어느 하나 지울
수가 없어서
내 맘에 다시 담아둔다"
타루 - 새장속의 친구,"파란 하늘이 유난히 맑아서
좁은 새장을 풀려난 새처럼 모두
낡은 기억은 이제는 몰아내고 싶어
잦은 슬픔은 이제는 모두 안녕
창백한 거리를 달려가고 싶어
드러나지 않는 가슴속 말은 가득해도
어둔 조명에 얼굴을 적셔 두고서
아무 말도 하지 않던 나의 친구여
잦은 슬픔은 이제는 모두 안녕
흐르는 시간에 씻긴 탓인지
퇴색한 추억은 너무 지쳐
파란 하늘위로 날아가버린
새들의 노래 소릴 듣고선
자유롭다며 부러워 하던 친구여
비가 내린 여름 날 하늘에
드높게 걸친 무지개를 보고
부르던 함성은 전기줄 위에
윙윙거리네
별은 어둠에 유난히 빛나고
자정을 알리는 시계 소리에 잠이
깨어
낡은 기억은 이제는 몰아내고 싶어
잦은 슬픔은 지금은 모두 안녕
흐르는 시간에 씻긴 탓인지
퇴색한 추억은 너무 지쳐
파란 하늘 위로 날아가버린
새들의 노래 소리 듣고선 자유롭다며
부러워하던 친구여
비가 내린 여름날 하늘에 드높게
걸친 무지개를 보고 부르던 함성은
전깃줄 위에 윙윙 거리네
파란 하늘 위로 날아가버린
새들의 노래 소리 듣고선 자유롭다며
부러워하던 친구여
비가 내린 여름날 하늘에 드높게
걸친 무지개를 보고 부르던 함성은
전깃줄 위에 윙윙 거리네"
인피니트 - 그 해 여름,"햇살이 내리는 사이 마다
흰 구름 흐르는 사이 마다
바람이 스치는 사이 마다 니가 비쳐
시간을 타고서 내일에도
진하게 번져와 매일에도
그리움 가득히 나에게 또
스며와 넌 아련히
넌 수줍게 넌 날 타고와
흔들어 날 잔잔히
넌 여전히 넌 기억으로 이어져
난 또 난 늘 난 그리움에 살아
난 이미 난 이미
난 추억에 잠겨있어
발길이 머무는 자리 마다
손길이 스치는 자리 마다
시선을 옮기는 자리 마다 니가 보여
하루의 작은 틈 사이에도
촘촘히 차올라 왜 이리도
설레임 가득히 나에게 또
스며와 넌 아련히
넌 수줍게 넌 날 타고와
흔들어 날 잔잔히
넌 여전히 넌 기억으로 이어져
난 또 난 늘 난 그리움에 살아
난 이미 난 이미
난 추억에 잠겨있어
나 너를 알아서 널 만나게 되서
얼마나 감사한지
내가 이만큼 자라 늘 지켜볼게
스며와 넌 아련히
넌 수줍게 넌 날 타고와
흔들어 날 잔잔히
넌 여전히 넌
기억으로 이어져
난 또 난 늘 난 그리움에 살아
난 이미 난 이미
난 추억에 잠겨있어"
장범준 - 회상,"길을 걸었지 누군가 옆에 있다고
느꼈을 때 나는 알아버렸네
이미 그대 떠난 후라는 걸
나는 혼자 걷고 있던거지
갑자기 바람이 차가와 지네
마음은 얼고 나는 그 곳에 서서
조금도 움직일 수 없었지
마치 얼어버린 사람처럼
나는 놀라서 있던거지
달빛이 숨어 흐느끼고 있네
음 떠나버린 그 사람 생각나네
음 돌아선 그 사람 생각나네
묻지 않았지 왜 나를 떠나느냐고
하지만 마음 너무 아팠네
이미 그대 돌아서 있는 걸
혼자 어쩔수 없었지
미운건 오히려 나였어
떠나버린 그 사람 생각나네
돌아선 그 사람 생각나네
길을 걸었지 누군가 옆에 있다고
느꼈을 때 나는 알아버렸네
이미 그대 떠난 후라는 걸
나는 혼자 걷고 있었던거지
갑자기 바람이 차가와 지네
묻지 않았지 왜 나를 떠나느냐고
하지만 마음 너무 아팠네
이미 그대 돌아서 있는 걸
혼자 어쩔 수 없었지
미운건 오히려 나였어
갑자기 바람이 차가와 지네"
나얼 - 같은 시간 속의 너,"꼭 그러지 않아도
충분히 널 이해할 수 있어
다른 사람 곁에 서 있는 니 모습이
조금 어색하지만
다 버리지 않아도
어떻게든 이겨낼 수 있어
다른 사랑 찾아가버린 니 얼굴이
그렇게 밉진 않아
이제 우리 같은 시간 속을 남처럼
그렇게 걸으면 돼
달아나도 가지 못할 기억 안고
아무말도 하지마요
더는 안된다는거 잘 알아요
많은 날들이 아무 의미없진 않겠죠
멀어지는 바람처럼
우리 함께한 기억들을 꿈처럼
그렇게 안으면 돼
눈 감아도 잊지 못할 추억의 널 묻고
아무말도 하지마요
더는 안된다는거 잘 알아요
사랑했던 날 모두 사라지진 않겠죠
우릴 스치는 안개처럼
아무것도 묻지 않을게요
이대로 묻어둘래요 나는요
거짓말처럼 또 하루가 살아지겠죠
떨어지는
같은 시간 속의 너"
Bard - 춤추는 바람,"불어오는 바람에 무너져내려
숨겨왔던 비밀이 사라져가네
들어주길 원하지도 않았네
기억되길 바라지도 않았네
나의 이름도
나의 몸을 적시는 비가 내려와
흘러흘러 가지만 길을 잃었네
강을 비추던 작은 별 빛 마저도
낯설어지는 이 곳을 비추기엔
희미해지네
나의 손은 너무 작아서
바람을 막을 순 없지만
넘쳐오는 파도에 지친
그저 너의 손을 잡았네
춤추는 하늘
흔들리는 들판에서
잠시 멈추고서
갈 곳을 잃고 날아가는
새들의 휴식이 되어
춤추는 마음 두려움에
지친 눈물 잠시 멈추고서
갈 곳을 잃고 떠나려는
새들을 위로해주오
춤추는 바람
내가 떠나가기 전에
잠시 멈추고서
세상의 작은
아름다운 비밀을 들어주오
춤추는 하늘
흔들리는 들판에서
잠시 멈추고서
갈 곳을 잃고
날아가는 새들의
휴식이 되어
춤추는 마음
두려움에 지친 눈물
잠시 멈추고서
갈 곳을 잃고 떠나려는
새들을 위로해주오
춤추는 바람
내가 떠나가기 전에"
유재하 - 사랑하기 때문에,"처음 느낀 그대 눈빛은
혼자만의 오해였던가요
해맑은 미소로 나를
바보로 만들었소
내곁을 떠나가던 날
가슴에 품었던 분홍빛의
수많은 추억들이
푸르게 바래졌소
어제는 떠난 그대를
잊지 못하는 내가 미웠죠
하지만 이제 깨달아요
그대만의 나였음을
다시 돌아온 그대 위해
내 모든 것 드릴테요
우리 이대로 영원히
헤어지지 않으리
나 오직 그대만을
사랑하기 때문에
커다란 그대를 향해
작아져만 가는 나이기에
그 무슨 뜻이라해도
조용히 따르리오
어제는 지난 추억을
잊지 못하는 내가 미웠죠
하지만 이제 깨달아요
그대만의 나였음을
다시 돌아온 그대 위해
내 모든 것 드릴테요
우리 이대로 영원히
헤어지지 않으리
나 오직 그대만을
사랑하기 때문에
사랑하기 때문에"
마지막 토스트 - 불확실성에 기대어,"삐걱대는 침대 모퉁이
나는 잠에서 막 깨어나
불안해 보이는 네 머리를 쓰다듬어
미래를 얘기해보지만
뾰족한 답은 없고
무슨 할 말이 있는 걸까
나는 조금 불안해져
아무렇게나 구겨 놓은
셔츠를 걸치고
졸린 하루 모니터 속
그래 인생은 거기 있지
지쳤다고 말을 했지 위로하는
대답은 없지만
그것뿐이지 그래 그렇지 그래
인생은 거기 있지
나는 과거를 사는 사람
너는 미래를 얘기할 때
그런 불확실함에 기대
우린 방황하고 있었네
무딘 창문을 열었어 찬 공기가
밀려들어
그제야 막힌 숨을 토해내듯
너는 말했지
우린 어디로 가는 걸까 무얼
꿈꾸고 있는 걸까
나는 말문이 막혀서
아무 말도 할 수 없었네
나는 과거를 사는 사람 너는
미래를 얘기할 때
그런 불확실함에 기대 우린
방황하고 있었네
나는 과거를 사는 사람 너는
미래를 얘기할 때
그런 불확실함에 기대 우린
방황하고 있었네
나는 과거를 사는 사람 너는
미래를 얘기할 때
그런 불확실함에 기대 우린
방황하고"
패닉 - 기다리다,"널 기다리다 혼자 생각했어

떠나간 넌 지금 너무 아파

다시 내게로 돌아올 길 위에 울고 있다고

널 바라보다 문득 생각했어

어느날 하늘이 밝아지면

마치 떠났던 날처럼 가만히 너는 내게 오겠지

내 앞에 있는 너

네가 다시 나를 볼 순 없을까

너의 두 눈 속에 나는 없고

익숙해진 손짓과 앙금같은 미소만

희미하게 남아서 나를 울게 하지만

너는 다시 내게 돌아올거야

너의 맘이 다시 날 부르면

주저말고 돌아와 네 눈앞의 내 안으로

예전처럼 널 안아줄테니



널 바라보다 문득 생각했어

어느날 하늘이 밝아지면

마치 떠났던 날처럼 가만히 너는 내게 오겠지

내 앞에 있는 너

네가 다시 나를 볼 순 없을까

너의 두 눈 속에 나는 없고

익숙해진 손짓과 앙금같은 미소만

희미하게 남아서 나를 울게 하지만

너는 다시 내게 돌아올거야

너의 맘이 다시 날 부르면

주저말고 돌아와 네 눈앞의 내 안으로

예전처럼 널 안아줄테니"
아이유 - 이런 엔딩,"안녕 오랜만이야
물음표 없이 참 너다운 목소리
정해진 규칙처럼
추운 문가에 늘 똑같은 네 자리
제대로 잘 먹어 다 지나가니까
예전처럼 잠도 잘 자게 될 거야
진심으로 빌게
너는 더 행복할 자격이 있어
그런 말은 하지 마 제발
그 말이 더 아픈 거 알잖아
사랑해줄 거라며 다 뭐야
어떤 맘을 준 건지 너는 모를 거야
외로웠던 만큼
너를 너보다 사랑해줄 사람
꼭 만났으면 해
내가 아니라서 미안해
주는 게 쉽지가 않아
그런 말은 하지 마 제발
그 말이 더 아픈 거 알잖아
사랑해줄 거라며 다 뭐야
어떤 맘을 준 건지 끝내 모를
솔직히 말해줄래 제발
너라면 다 믿는 거 알잖아
네 말대로 언젠가 나도
나 같은 누군가에게
사랑 받게 될까"
"양희은, 김창기 - 엄마가 딸에게","난 잠시 눈을 붙인 줄만 알았는데
벌써 늙어 있었고
넌 항상 어린 아이일 줄만 알았는데
벌써 어른이 다 되었고
난 삶에 대해 아직도 잘 모르기에
너에게 해줄 말이 없지만
네가 좀 더 행복해지기를
원하는 마음에
내 가슴 속을 뒤져 할 말을 찾지
공부해라
아냐 그건 너무 교과서야
성실해라
나도 그러지 못했잖아
사랑해라
아냐 그건 너무 어려워
너의 삶을 살아라
난 한참 세상 살았는 줄만 알았는데
아직 열다섯이고
난 항상 예쁜 딸로 머물고 싶었지만
이미 미운 털이 박혔고
난 삶에 대해 아직도 잘 모르기에
알고픈 일들 정말 많지만
엄만 또 늘 같은 말만 되풀이하며
내 마음의 문을 더 굳게 닫지
공부해라
그게 중요한 건 나도 알아
성실해라
나도 애쓰고 있잖아요
사랑해라
더는 상처받고 싶지 않아
나의 삶을 살게 해줘
왜 엄만 내 마음도 모른 채
매일 똑같은 잔소리로
또 자꾸만 보채
난 지금 차가운 새장 속에 갇혀
살아갈 새처럼 답답해
원망하려는 말만 계속해
제발 나를 내버려두라고
왜 애처럼 보냐고
내 얘길 들어보라고
나도 마음이 많이 아퍼
힘들어하고 있다고
아무리 노력해봐도
난 엄마의 눈엔 그저
철없는 딸인 거냐고
나를 혼자 있게 놔둬
공부해라
아냐 그건 너무 교과서야
성실해라
나도 그러지 못했잖아
사랑해라
아냐 그건 너무 어려워
너의 삶을 살아라
내가 좀 더 좋은 엄마가
되지 못했던 걸
용서해줄 수 있겠니
넌 나보다는 좋은 엄마가
되겠다고 약속해주겠니
랄 라랄 라랄 라랄
엄마 나를 좀 믿어줘요
어려운 말이 아닌
따스한 손을 내밀어줘요
날 걱정해주는 엄마의 말들이
무겁게 느껴지고
세상을 살아가는 게
무섭게 느껴져
왜 몰래 눈물을 훔쳐요
조용히 가슴을 쳐요
엄마의 걱정보다
난 더 잘 해낼 수 있어요
그 무엇을 해내든
언제나 난 엄마의 딸로
다 버텨내고 살아갈 테니
걱정하지 마요
말하지 않아도 난 알고 있다고
엄만 그 누구보다
나를 사랑한단 걸
그래서 난 자신 있게 말할 수 있어
엄마처럼 좋은 엄마 되는 게
내 꿈이란 거
말하지 않아도 다 알고 있다고
엄만 그 누구보다
나를 사랑한단 걸
그래서 난 자신 있게 말할 수 있어
엄마를 행복하게 해주는 게
바로 내 꿈이란 거"
안녕하신가영 - 좋아하는 마음,"누구나 다 하고 있는
일반적인 그것을
너에게 말할 때
특별하던 모든 것들이
익숙한 것들이
되어 버리진 않을까
평범한 내가 너를
생각하는 이 마음이
특별해졌을 때
당연하던 모든 것들이
너에게로 가서는
하나의 의미가 돼
좋아해
좋아한다는 말보다
좋아하는 마음 먼저
생각한다는 말보다
네가 먼저 생각이 나
보고 싶다는 말보다
우연히 너를 보여줘
그때 반갑단 말보다
좋아하는 마음 먼저 생각해 줘
알 것 같은 마음과
알 수 없는 떨림이
나에게로 다가와
하나의 의미가 돼
좋아해
좋아한다는 말보다
좋아하는 마음 먼저
생각한다는 말보다
네가 먼저 생각이 나
보고 싶다는 말보다
우연히 너를 보여줘
그때 반갑단 말보다
좋아하는 마음 먼저
좋아한다고 또 말하면
꼭 가벼운 진심 같아
그래서 말을 또 아끼면
괜히 달아나 버릴까
어렴풋한 마음들이
꼭 너를 닮아서
어리숙해진 우리가
둘이 되는 꿈을 꿔
그래서 말을 또 아끼면
괜히 달아나 버릴까
어렴풋한 마음들이
꼭 너를 닮아서
어리숙해진 우리가
둘이 되는 꿈을 꿔
좋아한다는 말보다
좋아하는 마음 먼저"
FTISLAND - 소녀를 만나다,"어릴적 뛰놀던 그곳에 넌 있었지
하얀 얼굴 수줍던 어린 소녀가
시간의 밀려온 내 기억 저편에서
아직도 날 웃으며 부르네
다시 그때로 가면
우리 만날 수 있을 것 같아
가만히 눈을 감고 회색 기억에 사는
그 소녈 불러보지만
그려봐도 만질 수도 없는 사랑아
소리쳐도 들을 수도 없는 사랑아
내 가슴에 숨어사는 아름다운 소녀야
잊지 못할 나의 첫사랑

눈부신 소녀는 미소를 지은채로
창가에서 날 바라보고 있지만
어느덧 커버린 작은 꼬마아이는
이젠 다시 그곳에는 없어
한번쯤은 나를 또
찾아 줄 것만 같은 생각에
추억에 기대선채
그 소녀의 이름을 부르며
눈을 감지만
그려봐도 만질 수도 없는 사랑아
소리쳐도 들을 수도 없는 사랑아
내 가슴에 숨어사는 아름다운 소녀야
잊지 못할 나의 첫 사랑
내 머릿속에 갇혀 버린 채
지울수도 없는 그 소녀는
빛바랜 거리에선 널 여전히
키 작은 소년을 만나
사랑하고 사랑하는데
뻗어봐도 잡을수도 없는 사랑아
다가서면 자꾸 멀어지는 나의 사랑아
외치며 불러보지만 대답없는 소녀는
영원토록 지울 수 없는 내 첫사랑이죠"
보아 - 천국과 지옥 사이,"차라리 미워하자
너를 안을수록 난 아파
아침이면 전부 잊고
또 너를 찾겠지만
차라리 미뤄두자
못쓰게 돼 버린 사랑
어떻게든 시간이란
또 우릴 흐를 테니
미안해 아직
너를 생각해서 사랑해서
널 결국엔 완전히
놓지도 못할 나라서
단 하루만 더 사랑하자
또 거짓말만
너를 또 보면
다 잊고서 또 웃으면서
사랑해 버리는 나를
단 하루라도 잊어보자
못 지킬 말만 너를 못 보면
아프면서 또 울면서
다짐만 하는 나
너를 두고 오가는
천국과 지옥 사이
잊으려 해볼수록
다가온 니가 참 밉다
닿을 수도 안 볼 수도
없을 그 거리라서
웃을게
니가 다만 모르도록 내 마음을
나 결국엔 이 마음
주지도 못 할 거라서
단 하루만 더 사랑하자
또 거짓말만
너를 또 보면
다 잊고서 또 웃으면서
사랑해 버리는 나를
단 하루라도 잊어보자
못 지킬 말만 너를 못 보면
아프면서 또 울면서
다짐만 하는 나
너를 두고 오가는
천국과 지옥 사이"
프롬 - 서로의 조각,"마주 잡은 손을 기억해
나의 의미는 너에게만 있어
바라보는 눈빛 그 아래
너의 의미는 나에게만 있어
너의 모든 것은 다 나에게로 와
까만 오늘의 닿은 의미가 돼
너의 모든 것은 다 나에게로 와
빈 어딘가의 한 조각이 되어
우리만의 성을 지을래
슬픈 눈물은 다 마실게
날 위한 창을 내줄래
매일 문을 나서는
그댈 바라보게
방안 가득 널 위한 노래
나의 의미는 너에게만 있어
오고 가는 수많은 표정 속에
너의 의미는 나에게만 있어
우연뿐인 매일매일에
널 위해 추는 춤
그리워질 내일 내일에
널 위해 그리는 꿈
너의 모든 것은 다 나에게로 와
까만 오늘의 닿은 의미가 돼
너의 모든 것은 다 나에게로 와
빈 어딘가의 한 조각이 되어
우리만의 성을 지을래
슬픈 눈물은 다 마실게
날 위한 창을 내줄래
매일 문을 나서는
그댈 바라보게
마주 잡은 손을 기억해
나의 의미는 너에게만 있어
바라보는 눈빛 그 아래
너의 의미는 나에게만 있어
방안 가득 널 위한 노래
나의 의미는 너에게만 있어
오고 가는 수많은 표정 속에
너의 의미는 나에게만 있어"
서영은 - 좋아 좋아,"처음 널 만나는 날
노란 세송이 장미를 들고
룰루랄라 신촌을 향하는
내 가슴은 마냥 두근두근
생머리 휘날리며
나를 향해 손을 흔드는 너
머리에서 발끝까지
나를 사로잡네 이야에로
니가 좋아 너무 좋아
모든 걸 주고 싶어
너에게만은 내 마음
난 꾸미고 싶지 않아
언제까지 언제까지 너와 함께
너와 함께 있을꺼야 예이예
룰루랄라 신촌을 누비는
내 마음은 마냥 이야에로
여보세요 나의 천사 어떻게
내 마음을 훔쳤나요
괜찮아요 나의 천사 가져간
내 마음을 고이 간직해줘요
니가 좋아 너무 좋아
모든 걸 주고 싶어
너에게만은 내 마음
난 꾸미고 싶지 않아
언제까지 언제까지 너와 함께
너와 함께 있을꺼야 예이예
니가 좋아 너무 좋아
모든 걸 주고 싶어
너에게만은 내 마음
난 꾸미고 싶지 않아
니가 좋아 너무 좋아
모든 걸 주고 싶어
니가 좋아 너무 좋아
모든 걸 주고 싶어
니가 좋아"
유지희 - 누구보다 예쁘게,"눈을 뜨면 떠오르는 사람이고
잠들기 전 떠오르는 사람이고
사실은 뭘 해도
생각나는 사람이지
어딜 가도 쫓아오는 그 사람을
그래요 좋아하게 됐죠
나도 이런 나 싫지는 않네요
바보처럼 웃는 일이 많아지고
서운함에 토라짐이 많아지고
그 사람 앞이면
아이가 돼버리네요
투정 부리는 일이 많아져도
나를 좋아해줄래요
그거면 바랄게 없는데
우리 누구보다 예쁘게 만나요
세상사람들 질투 나도록
후회하지 않게
그대를 아껴줄게요
우리 서두르지는 말기로 해요
천천히 다가갈래요
그대란 사람을 더 많이
알고 싶어지네요
바보처럼 웃는 일이 많아지고
서운함에 토라짐이 많아지고
그 사람 앞이면
아이가 돼버리네요
투정 부리는 일이 많아져도
나를 좋아해줄래요
그거면 바랄게 없는데
우리 누구보다 예쁘게 만나요
세상사람들 질투 나도록
후회하지 않게
그대를 아껴줄게요
우리 서두르지는 말기로 해요
천천히 다가갈래요
그대란 사람을 더 많이
알고 싶어지네요"
타루 - 날씨 맑음,"우연히 마주치길 기대하기도 하면서
하루 종일 두근대는
맘으로 거리를 걸어봐

부서질 듯 햇살은 쏟아지고
날아갈 듯 바람은 살랑거려
바람 타고 내 맘은 날아가
끝도 없이 저 파란 하늘위로
날씨만 너무 좋은 날
방안에만 있기엔 억울해
거울 속에 내 모습은 왠지
서글퍼 보여
우연히 마주치길 기대하기도 하면서
하루 종일 두근대는
맘으로 거리를 걸어봐

꿈을 꾸듯 별빛은 내려앉아
사랑하듯 포근히 감싸 안아
달빛이여 내 맘을 전해 줘
그리운 이름 그대 꿈 속에서
날씨만 너무 좋은 날
아무 일도 없기엔 억울해
설레임에 치장한 내 모습
서글퍼 보여
이렇게 아름다운 날에
이처럼 어여쁜 나와
아름다운 가로수 길 함께 할 그댄
우연히 마주치길 기대하기도 했지만
하루 종일 설레이는
맘으로 거리를 걸어도"
허회경 - 김철수 씨 이야기,"사실 너도 똑같더라고
내 기쁨은 늘 질투가 되고
슬픔은 항상 약점이 돼
사실 너도 다를 게 없더라고
생각해 보면 난 친구보다
떠돌이 강아지를 더 사랑해
특별하다고 한 너는 사실 똑같더라고
특별함이 하나 둘 모이면
평범함이 되고
우두커니 서서
세상을 가만히 내려다보면
비극은 언제나
발 뻗고 잘 때쯤 찾아온단다
아아아아
슬퍼라
아아아아
사실 너도 똑같더라고
내 사랑은 늘 재앙이 되고
재앙은 항상 사랑이 돼
널 사랑할 용기는
아무리 찾아도 없더라고
겁쟁이는 작은 행복마저
두려운 법이라고
우두커니 서서
세상을 가만히 내려다보면
비극은 언제나
입꼬리를 올릴 때 찾아온단다
아아아아
슬퍼라
아아아아
내방의 벽은 늘 젖어있어서
기댈 수 없고
나의 이웃은
그저 운 좋은 멍청이들뿐이야
나의 바다는
사막으로 변해가기만 하고
나는 앞으로 걸어가도 뒤로 넘어지네
아아아아
슬퍼라
아아아아
슬퍼라"
김필선 - 마마,"마마 왜 내 심장은 가짜야
나는 왜 찢겨도 붉은 피
하나 나지 않는 가짜야
다들 물어본다고요
너도 겨울을 아냐고
마른 가지 같은 손가락이
왜 슬픈 줄 아냐고
그럼 당연히 알지 왜 몰라
그 잔가지 위에 업힌 나의 생
그럼 당연히 알지 왜 몰라
그 잔가지 위에 업힌 나의 생
마마 왜 내 목소린 차갑지
나는 왜 녹슨 겨울을
노래하며 살아야 하는지
다들 물어본다고요
너도 여름을 아냐고
살아있는 언어의 온도가
뜨거운 줄 아냐고
그럼 당연히 알지 왜 몰라
그 잔가지 위에 업힌 나의 생
그럼 당연히 알지 왜 몰라
그 잔가지 위에 업힌 나의 생
내게 심장을 주겠니
네 언어를 느끼고 싶은데
네 눈에 흐르는 별들을 보며
예쁘다고 해주고 싶은데
나는 왜
나는 왜
나는 왜
나는 왜"
겸 - 운명론,"너의 젊음이 지나갈 때
찬란하게 빛날 순간들을 보며
그림자처럼 커진 내 사랑을
여기 남겨놓고 난 떠날게
넌 내게 빛이었기에
가려진 마음을 꼭 슬프다 생각하진 않아
난 멀리 떠날게
우리의 안녕은 아름답고 아름다울 거야
너의 눈빛에 가득 담긴
이유 모를 슬픔을 난 사랑해 그리워해
나도 슬픔을 앓다 보면
네가 보는 세상이 보일까
우리는 서로 다른 세상에서 음 음
결국 만나지 못했고
어제의 장면들을 써 내려가는 네겐
내 이름은 다신 없을 거야
나의 겨울이 너무 시려워
너를 데려올 자신이 없었던가
그런가 봐
나의 마음이 달아올라도
너의 겨울은 녹일 수가 없었나
그랬나 봐"
카더가든 - 아무렇지 않은 사람,"그대의 마음이
변하지 않을 거라는
믿음과
나 바라왔던 그
품 속과 사랑의 평온
그대는
왜 내게 줬나요
아무렇지 않은 사람이 될게요
아무런 일도 없던 것처럼
감은 눈을 뜨면 너무 아픈 마음도
담대히 버텨낼 수 있기를
우연의 시작을
믿을 수 있게 되었고 믿었죠
고맙지 않아요
홀로 서 모든 아픔을
견뎌내는 나인데
아무렇지 않은 사람이 될게요
아무런 일도 없던 것처럼
감은 눈을 뜨면 너무 아픈 마음도
담대히 버텨낼 수 있기를
그 많은 시간 속에서
나란히 서 있던 우리 모습은
다 뭔가요
기억 못 할 거면서
날 지워버릴 거면서
아무렇지 않은 사람 난 못돼요
아프고 원망스러우니까
아무렇지 않게 그대는 가셔요
절대로 돌아보지 말고서
다시는 열지 않으려
옛 시간을 거꾸로
돌려 봐요 마지막일 거예요
숨죽여 울던 어제도
우리 자욱이겠죠
너무나도 아름다워 슬퍼요"
호소 - 나를 좋아해주지 않아도 괜찮아,"모든 사람들이
나를 좋아해주길 바랬어
그저 그걸로 난 충분했어
그런 내 마음이
나를 더 아프게 한단 걸
언제쯤 난 알게 될까
아무 일도 아니야
아무 일도 아니야 그건
어떤 말로 또 나를 위로할까
아무것도 아니야
아무것도 아니야 그 말
오늘도 잠을 미룬다
모든 사람들이
나를 좋아해주길 바랬어
그런 내 마음이 욕심일까
툭 던진 말들에
내가 아파한 걸 모르게
괜찮다 날 다독였어
아무 일도 아니야
아무 일도 아니야 그건
어떤 말로 또 나를 위로할까
아무것도 아니야
아무것도 아니야 그 말
오늘 꼭 듣고 싶었어
나를 좋아해주지 않아도
나를 좋아해주지 않아도"
오존 (O3ohn) - Down,"넌 내 나쁜 점을 찾네 알아 알아 난
넌 내가 다르길 원해 알아 난 말야
못난 같은 점을 봤네 아냐 난 아냐
넌 네 다친 마음을 겁내고는 말아
넌 말야
지금 내 마음이
어디론가 사라질까봐
이런 내 마음속을
말해줄까 아마 넌 알까
난 네가 좀 쉬길 원해 맞아 너 말야
난 네 닫힌 마음을 열래
알아줘 알아줘
지금 네 모습이
어디선가 부서질까봐
그런 내 마음속을
알아줄까 그럴것같아
이런 내 바람이
어느샌가 전해질거야
그럼 넌 모든걸
말해줄까 그러길 바라"
데이먼스 이어 (Damons year) - Salty,"잊혀지는 건
당연하단 걸 알면서도
나의 마음속
어딘가 저리죠
그대 떠난 날 밤에
아무리 눈을 감아도
난 꿈속으로 도망갈 수 없었네
시간은 흘러 내 모습을 깎아내고
액자 속의 사진도 다 갉아 먹겠죠
원망은 없어요 그저 너무 슬퍼져서
아무 말도 하지 않고 잠겨지겠죠
지워지면 내가 잊혀지면
나는 어디론가 떠날 준비조차
하지 못한 채로 거릴 헤매겠죠
그대 뒤에 숨어 그림자를 이불 삼고
나는 피로를 풀고
난 그거면 돼요
지워지면 내가 잊혀지면
나는 어디론가 떠날 준비조차
하지 못한 채로 거릴 헤매겠죠
지워지면 내가 잊혀지면
나는 어디론가 떠날 준비조차
하지 못한 채로 거릴 헤매겠죠"
선우정아 - 남,"누구도 잘못한 건 없어
모르겠어 우린 최선을 다 했어
발버둥 쳐 사랑하기 위해 but
사실은 다 알고 있었지 no no
눈물도 소용없어요
우리는 여기까지야
이별이 이렇게 쉽네요
돌아서는 그 순간
남
사라지는 우리라는 말
사라지는 우리라는 말
사라지는 우리란 말
사라지는 우리
지워지는 우리
현실은 동화를 질투해
절대 쉽게 우릴 가만두지 않아
버틸 만큼 버틴 것 같은데
세상의 끝 한 걸음 앞에
우리를 기다리네
눈물도 소용없어요
우리는 여기까지야
이별이 이렇게 쉽네요
돌아서는 그 순간
남
사라지는 우리라는 말
아득한 네 체온 아득한 입맞춤
너는 꿈처럼 가네 기억 속으로 숨네
눈물도 소용없어요
우리는 여기까지야
사라지는 우리라는 말
사라지는 우리란 말
사라지는 우리
지워지는 우리"
우리같은사람들 - 그 많던 일기는 그저 글자가 되고,"잔잔한 나의 일상 속
바람이 불어 닿았죠
바람은 파도를 만들어
시도 때도 없이 일렁거리네
그대 내 맘을 유람하는 구경꾼이었나
비춰 보인 내 마음은 볼품이 없었나
빙빙 돌아 엉켜버린 실타랠 푸는데
얼마나 걸릴런지는 모르겠네요
낯설은 나의 모습 속
빼곡히 적은 일기는
의미 없는 글자가 되어
아픔으로 기억에 남게 했네
그대 내 맘을 유람하는 구경꾼이었나
비춰 보인 내 마음은 볼품이 없었나
빙빙 돌아 엉켜버린 실타랠 푸는데
얼마나 걸릴런지는 모르겠네요"
혁오(HYUKOH) - TOMBOY,"난 엄마가 늘 베푼 사랑에 어색해
그래서 그런 건가 늘 어렵다니까
잃기 두려웠던 욕심 속에도
작은 예쁨이 있지
난 지금 행복해 그래서 불안해
폭풍 전 바다는 늘 고요하니까
불이 붙어 빨리 타면 안 되잖아
나는 사랑을 응원해
젊은 우리 나이테는 잘 보이지 않고
찬란한 빛에 눈이 멀어 꺼져가는데
아아아아아
아아아아아
아아아아아아아
아아아아아
아아아아아
아아아아아아아아아
슬픈 어른은 늘 뒷걸음만 치고
미운 스물을 넘긴 넌 지루해 보여
불이 붙어 빨리 타면 안 되니까
우리 사랑을 응원해
젊은 우리 나이테는 잘 보이지 않고
찬란한 빛에 눈이 멀어 꺼져가는데
그래 그때 나는 잘 몰랐었어
우린 다른 점만 닮았고
철이 들어 먼저 떨어져 버린
너와 이젠 나도 닮았네
젊은 우리 나이테는 잘 보이지 않고
찬란한 빛에 눈이 멀어 꺼져가는데
아아아아아
아아아아아
아아아아아아아
아아아아아
아아아아아
아아아아아아아아아"
잔나비 - 꿈과 책과 힘과 벽,"해가 뜨고 다시 지는 것에
연연하였던 나의 작은방
텅 빈 마음 노랠 불러봤자
누군가에겐 소음일 테니
꼭 다문 입 그 새로 삐져나온
보잘것없는 나의 한숨에
나 들으라고 내쉰 숨이 더냐
아버지 내게 물으시고
제 발 저려 난 답할 수 없었네
우리는 우리는
어째서
어른이 된 걸까
하루하루가
참 무거운 짐이야
더는 못 갈 거야
꿈과 책과 힘과 벽 사이를
눈치 보기에 바쁜 나날들
소년이여 야망을 가져라
무책임한 격언 따위에
저 바다를 호령하는 거야
어처구니없던 나의 어린 꿈
가질 수 없음을 알게 되던 날
두드러기처럼 돋은 심술이
끝내 그 이름 더럽히고 말았네
우리는 우리는
어째서
어른이 된 걸까
하루하루가
참 무거운 짐이야
더는 못 간대두
멈춰 선 남겨진
날 보면
어떤 맘이 들까
하루하루가
참 무서운 밤인 걸
잘도 버티는 넌
하루하루가
참 무서운 밤인 걸
자고 나면 괜찮아질 거야
하루는 더 어른이 될 테니
무덤덤한 그 눈빛을 기억해
어릴 적 본 그들의 눈을
우린 조금씩 닮아야 할 거야"
선우정아 - 그러려니,"만나는 사람은 줄어들고
그리운 사람은 늘어간다
끊어진 연에 미련은 없더라도
그리운 마음은 막지 못해
잘 지내니
문득 떠오른 너에게
안부를 묻는다
잘 지내겠지
대답을 들을 수 없으니
쓸쓸히 음 음
그러려니
잘 지내니
문득 떠오른 너에게
안부를 묻는다
잘 지내겠지
대답을 들을 수 없으니
쓸쓸히 음 음
그러려니 그러려니
만나는 사람은 줄어들고
그리운 사람은 늘어간다
끊어진 연에 미련은 없더라도
그리운 마음은 막지 못해
만나는 사람은 줄어들고
그리운 사람은 늘어간다
끊어진 연에 미련은 없더라도
그리운 마음은
그리운 마음은"
