,Unnamed: 0,lyrics,link,duble_check
0,XIA (준수) - You Are So Beautiful,"지금 난 너의 눈을 보며 운다
네 맘을 보며 운다
애써 해맑게도
쓴웃음 짓는 그 표정에
너를 담아두고 싶다
그 바보같이 예쁜 꿈들과
어설픈 모습을
하루하루 네 모습이
추억을 만들어 나 기억해
네 여린 손 흩어진 머리까지도
Forever you You are so beautiful
내 가슴에 밀려와
스며와 다가와 번진 네 상처도
Forever you You are so wonderful
시린 네 사랑도 네 눈물도
내 아픈 상처를 지우죠
널 사랑한다 널 사랑한다
이제는 너를 안아주고 싶다
그 차가운 세상 끝에
홀로 서성이던 널
하루하루 내 사랑이
네 맘을 위로해
상처난 네 가슴에
내 기억들을 담는다
Forever you You are so beautiful
내 가슴에 밀려와
스며와 다가와 번진 네 상처도
Forever you You are so wonderful
시린 네 사랑도 네 눈물도
내 아픈 상처를 지우죠
널 사랑한다 널 사랑한다
한 순간 조차 잊지 말아요
얼마나 얼마나 사랑했는지 기억해요
for you You are so beautiful
내 가슴에 밀려와 스며와
다가와 번진 네 상처도
Forever you You are so wonderful
시린 네 사랑도 네 눈물도
내 아픈 상처를 지우죠
널 사랑한다 널 사랑한다
네 기억으로 살고싶다",https://www.youtube.com/watch?v=kMjxFLMcQAw,You are so beautiful
1,스텔라장 - 보통날의 기적 (Feat. 폴킴),"I’m waiting for a miracle
내 보통뿐인 나날에
Oh would you be my miracle
난 너에게 늘 감사해
저물어 가는 해는
약속을 하지 않아요
오늘이 지나가도
날 잊지 않길 바라요
You
You
I’m waiting for a miracle
내 보통뿐인 나날에
Oh let me be your miracle
난 이미 너를 자랑해
저물어 가는 해는
약속을 하지 않아요
오늘이 지나가도
내 손을 놓지 말아요
You
You
I’m waiting for a miracle
내 보통뿐인 나날에
Oh would you be my miracle
난 이미 너를 사랑해
저물어 가는 해는
약속을 하지 않아요
오늘이 지나가도
그대 나와 함께 가요
You
그대는 나의
그대는 나의
You
기적이죠
기적이죠
영원을 닮은 기다림 끝에
나를 찾아온 그대
일어나지 않을 것만 같았던
기적
You’ll always be my miracle
Lalala
보통날이 아름다운 건
그대란 기적 때문이죠
내 하루를 밝혀주는 건
그대란 이름의 빛이죠
You’ll always be my miracle
You’ll always be my miracle
난 이미 그대를 자랑해
난 이미 그대를 사랑해
그댄 내 보통날의 기적이죠",https://www.youtube.com/watch?v=2SlR-DMj7co,[Live Clip] Stella Jang(스텔라장) _ Miracle(보통날의 기적) (Feat. Paul Kim(폴킴))
2,폴킴 - 파도,"눈이 부시게
아름답던 바다
나의 눈 속엔
그보다 더 고운 너였어
하얀 모래 위
너와 내가 남긴 추억들
파도가 떠나도
내겐 지워지지 않는 걸
너를 보내고
나 또다시 찾은 바닷가
하지만 이제 내 곁에
다른 사람 있는 걸
새롭게 시작하고 싶어
그녀를 따라왔어
하지만 내 맘
네 모습만 생각이 나
그녀 머리에
쏟아진 별빛들
그 별빛 아래
약속한 지난날이 떠올라
흔들리는 나의 마음을
가눌 길 없는 내 눈빛
너와 비슷한 사람마저 쫓고 있었어
그 순간 내 두 눈 속에
너무 익숙했던 너의 뒷모습
그렇게 그리던 지난날
바로 너였어
눈이 부시게
아름다운 바닷가
나의 눈 속엔
그보다 고운 너였어
하얀 내 맘에
지난날 우리가 남긴 추억들
파도가 안기듯
다시 내게 돌아오는 걸
나와 마주친 당황한 네 얼굴
하지만 너의 곁에도
다른 누가 있는 걸
너를 안고 싶은 내 가슴
널 붙잡고픈 내 손길
허나 넌 이미 나를 둔 채 멀어져 갔어
하지만 널 돌아본 순간
두 눈에 흐르던 네 눈물 때문에
꼭 나처럼 기다린
너란 걸 알았어 날 봐
다시 너에게 달려가는 나를 봐
찌는 태양도
내 사랑을 가릴 순 없어
하얀 모래 위
우리의 사랑을 다시 새겨봐
이제는 내 사랑
너를 놓지 않을 테니까",https://www.youtube.com/watch?v=_YvilK-h3_c,폴킴 (Paul Kim) - 파도 [Music Video]
3,브레이브걸스 - 롤린 (Rollin'),"그 날을 잊지 못해 babe
날 보며 환히 웃던
너의 미소에
홀린 듯
I'm fall in love
But 너무 쪽팔림에
난 그저
한마디 말도 못해 babe
I wanna you
너의 눈빛은
날 자꾸 네 곁을 맴돌게 해
Just only you
굳게 닫힌 내 맘이
어느새 무너져버려
Because of you
온통 너의 생각뿐이야
나도 미치겠어
너무 보고 싶어
매일 매일 매일
자꾸 초라해지잖아
내 모습이
그대여 내게 말해줘
사랑한다고
Rollin' Rollin' Rollin' Rollin'
Rollin' Rollin' Rollin' Rollin'
Rollin' Rollin' Rollin' Rollin'
하루가 멀다 하고
Rolling in the deep
Rollin' Rollin' Rollin' Rollin'
Rollin' Rollin' Rollin' Rollin'
기다리고 있잖아 Babe
Just only you
기다리고 있잖아 Babe
Just only you
Hey I just wanna be with you
오늘 밤이 가기 전에
I can't feel you
조금 더 다가와 줘
Tonight I'm ready for you
You wanna touch me I know
대체 뭘 고민해 빨리 안아
아닌 척 모르는 척 하다가
늦게 놓치고 후회 말아
I wanna you
너의 눈빛은
날 자꾸 네 곁을 맴돌게 해
Just only you
굳게 닫힌 내 맘이
어느새 무너져버려
Because of you
온통 너의 생각뿐이야
나도 미치겠어
너무 보고 싶어
매일 매일 매일
자꾸 초라해지잖아
내 모습이
그대여 내게 말해줘
사랑한다고
Rollin' Rollin' Rollin' Rollin'
Rollin' Rollin' Rollin' Rollin'
Rollin' Rollin' Rollin' Rollin'
하루가 멀다 하고
Rolling in the deep
Rollin' Rollin' Rollin' Rollin'
Rollin' Rollin' Rollin' Rollin'
기다리고 있잖아 Babe
Just only you
이제 와 숨기려 하지 마요
그대여
아닌 척하지 마요
온종일 난
그대 생각에 잠긴 채로
난 이대로 기다리고 있어요
Rollin' Rollin' Rollin' Rollin'
Rollin' Rollin' Rollin' Rollin'
Rollin' Rollin' Rollin' Rollin'
하루가 멀다 하고
Rolling in the deep
Rollin' Rollin' Rollin' Rollin'
Rollin' Rollin' Rollin' Rollin'
기다리고 있잖아 Babe
Just only you
기다리고 있잖아 Babe
Just only you",https://www.youtube.com/watch?v=-Axm4IYHVYk,[MV] 브레이브걸스 (Brave Girls) - 롤린 (Rollin') Dance ver.
4,레드벨벳 - 미래,"어딘지 모를 꿈결 속에서
행복한 날 또 본 것 같았어
다가올 내일은 불안한 표정이지만
쉽게 나를 놓을 순 없네
찬란한 빛을 향해 걸어
나를 가둘 듯한 미로
그럴 때마다 난 너를 기억해
내 꿈을 잊지 않게 해줘
별이 쏟아지는 곳에
우린 결국 함께 한다고
You are my future future
All the time
힘든 시간들을 건너 너의 손을 잡고 싶어
You are my sunshine sunshine
All the day
해가 밤을 돌아 아침을 또 만든 것처럼
날 비춰줘
너는 또 다른 나의 미래
영원히 계속될 Love way
너는 또 다른 나의 미래
I’ll show you my love
가끔 넘어져 상처가 나도
웃는 모습 난 그게 좋았어
굳은 다짐들 한 번씩 무너지지만
너를 보면 견딜 수 있어
찬란한 빛을 향해 걸어
나를 가둘 듯한 미로
그럴 때마다 난 너를 기억해
내 꿈을 잊지 않게 해줘
별이 쏟아지는 곳에
우린 결국 함께 한다고
You are my future future
All the time
힘든 시간들을 건너 너의 손을 잡고 싶어
You are my sunshine sunshine
All the day
해가 밤을 돌아 아침을 또 만든 것처럼
날 비춰줘
너는 또 다른 나의 미래
영원히 계속될 Love way
너는 또 다른 나의 미래
I’ll show you my love
You are my future future
All the time
힘든 시간들을 건너 너의 손을 잡고 싶어
You are my sunshine sunshine
All the day
해가 밤을 돌아 아침을 또 만든 것처럼
날 비춰 줘
너는 또 다른 나의 미래
영원히 계속될 Love way
너는 또 다른 나의 미래
I’ll show you my love",https://www.youtube.com/watch?v=GTcM3qCeup0,[MV] Red Velvet (레드벨벳) - 미래 [스타트업 OST Part.1 (START-UP OST Part.1)]
5,LUCY - 개화 (Flowering),"아른아른 아지랑이 괜히 눈이 부시고
포근해진 얼음은
겨우 녹아내릴 것만 같아
동지섣달 기나긴 밤 지나
헤매었던 발걸음
있잖아 까맣고 혼자 외로운 날
그때가 기억조차 안 나
새하얗게 웃던 날을 기억하나요 그대
내가 느낀 모든 걸
너에게 줄 수 있다면
바람아 내게 봄을 데려와 줘
벚꽃 잎이 흩날리듯이
시간아 나의 봄에 스며들어
점점 더 더 더
소리 없이 일렁이며
떨고 있는 초라한 맘은
흐르는 물의 연꽃처럼
전부 멀어져 갈 거야
넌 그저 그 자리에 그대로
아름다워
새하얗게 웃던 날을 기억하나요 그대
내가 느낀 모든 걸
너에게 줄 수 있다면
바람아 내게 봄을 데려와 줘
벚꽃 잎이 흩날리듯이
시간아 나의 봄에 스며들어
점점 더 더 더
햇살에 깜빡깜빡 미끄러지듯이
우린 사르르르르 사르르르
기지개 피듯 두 팔 벌린 꽃들처럼
그대 꿈도 On & On
아무것도 할 수 없을 것 같은
그 마음
혼자만 남아 시들지는 않을까
괜찮아 괜찮아 언젠가 언젠가
파랗게 피어날 거야
나는 그런 널 기억할 거야
새하얗게 웃던 날을 기억하나요 그대
내가 느낀 모든 걸
너에게 줄 수 있다면
바람아 내게 봄을 데려와 줘
벚꽃 잎이 흩날리듯이
시간아 나의 봄에 스며들어
점점 더 더 더
햇살에 깜빡깜빡 미끄러지듯이
우린 사르르르르 사르르르
기지개 피듯 두 팔 벌린 꽃들처럼
그대 꿈도 On & On",https://www.youtube.com/watch?v=WQdFA55hT80,[MV] LUCY _ Flowering(개화)
6,송이한 - 밝게 빛나는 별이 되어 비춰줄게,"우리의 모든 순간이
애틋해 눈물 날 때면
언제나 네게 닿을 수 있게
가까이서 머물게
유난히 더 힘든 날엔
더 이상 외롭지 않게 안아줄게
영원히 내 품에 너를 간직할게
세상이 널 외면해도
모두가 저버린대도
항상 곁에서 변함없이 늘 있어줄게
밝게 빛나는 별이 되어
너를 비춰줄게 매일
어두워 헤맬 때도
앞이 두려워도
언제나 널 지켜줄게
세상이 널 아프게 할 땐
내가 안아줄게 매일
포근한 바람으로
따듯한 햇살로
난 널 지켜줄게 매일
너의 모든 시간 속에 내가 함께할게
오직 너를 위한 소중한 꿈을 담아
밝게 빛나는 별이 되어
너를 비춰줄게 매일
어두워 헤맬 때도
앞이 두려워도
언제나 널 지켜줄게
세상이 널 아프게 할 땐
내가 안아줄게 매일
포근한 바람으로
따듯한 햇살로
난 널 지켜줄게
네가 걸어가는 그 길 따라
수많은 별이 되어 비춰줄게
눈부시게 또 아름답게
너를 비춰줄게 매일
세월이 흐른대도
시간이 지나도
언제나 널 사랑할게
영원히 너만을 빛나게
내가 비춰줄게 매일
길고 긴 시간 속에서
찾아올 끝에도
너를 사랑할게 매일",https://www.youtube.com/watch?v=5YQww_vbNTU,송이한 - 밝게 빛나는 별이 되어 비춰줄게 / 가사
7,마크툽 - 별을 담은 시 (Ode To The Stars),"니가 언젠가 말했잖아
나의 노래엔
마음을 움직이는 힘이 있다고
그날 너의 위로가 날 노래 부르게 했어
정말로 고마워 내게 용기를 줘서
우리 앞의 세계는
저마다의 색으로 기억되고
짧은 입맞춤처럼 너 안에 닿기를
찬란한 색 마음과
흑백 그리움들이 시가 되어
너란 별이 내려와 날 안아줘
내가 바라왔던 세상 위에서
넌 나의 꿈의 언어로
쓰여진 책속에
가장 예쁜 책갈피를 꽂아
영원히 읽어내고 싶은
이야기야
내가 분명히 말했잖아
나의 꿈만큼 빛나는 별을
노래에 담겠다고
그날 너를 향했던 진심은
계절을 버텨내
꽃으로 피어나 너에게 날아가
찬란한 색 마음과
흑백 그리움들이 시가 되어
너란 별이 내려와 날 안아줘
내가 바라왔던 세상 위에서
넌 나의 꿈의 언어로
쓰여진 책속에
가장 예쁜 책갈피를 꽂아
영원히 읽어내고 싶은
이야기야
어떤 날 누군가를 위해 부르는 노래
이 숨결이 날 품은 바람 되어
너에게 닿기를
찬란한 색 마음과
흑백 그리움들이 시가 되어
너란 별이 내려와 날 안아줘
내가 바라왔던 세상 위에서
넌 나의 꿈의 언어로
쓰여진 책속에
가장 예쁜 책갈피를 꽂아
영원히 읽어내고 싶은
이야기야",https://www.youtube.com/watch?v=x6VT6xG6nAA,"마크툽(MAKTUB),이라온-별을 담은 시(Ode To The Stars)"
8,아이유 - 내 손을 잡아,"느낌이 오잖아 떨리고 있잖아
언제까지 눈치만 볼 거니
네 맘을 말해봐
딴청 피우지 말란 말이야
네 맘 가는 그대로
지금 내 손을 잡아
어서 내 손을 잡아
우연히 고개를 돌릴 때 마다
눈이 마주치는 건
몇일밤 내내 꿈속에 나타나
밤새 나를 괴롭히는 건
그 많은 빈자리 중에서 하필
내 옆자릴 고르는 건
나도 모르게 어느새 실없는 웃음
흘리고 있다는 건
그럼 말 다했지 뭐
우리 얘기 좀 할까
느낌이 오잖아 떨리고 있잖아
언제까지 눈치만 볼 거니
네 맘을 말해봐
딴청 피우지 말란 말이야
네 맘 가는 그대로
지금 내 손을 잡아
핸드폰 진동에 심장이 덜컥
내려 앉는다는 건
오 나도 모르게
어느새 짓궂은 네 말투
자꾸 듣고 싶은걸 어떡해
저기 멀리 걸어온다
눈이 마주친다
언제까지 넌 모른척 할거니
사랑이 온거야 너와 나 말이야
네가 좋아 정말 못 견딜 만큼
그거면 된거야
더는 생각하지 말란 말이야
네 맘 가는 그대로
느낌이 오잖아 떨리고 있잖아
언제까지 눈치만 볼 거니
네 맘을 말해봐
딴청 피우지 말란 말이야
네 맘 가는 그대로
지금 내 손을 잡아
그냥 내 손을 잡아
지금 내 손을 잡아",https://www.youtube.com/watch?v=3iM_06QeZi8,"[IU] '내 손을 잡아(Hold My Hand)' Live Clip (2019 IU Tour Concert 'Love, poem')"
9,아이유 - Blueming,"‘뭐해?‘라는 두 글자에
‘네가 보고 싶어’ 나의 속마음을 담아 우
이모티콘 하나하나 속에
달라지는 내 미묘한 심리를 알까 우

아니 바쁘지 않아 nothing no no
잠들어 있지 않아 insomnia nia nia
지금 다른 사람과 함께이지 않아
응, 나도 너를 생각 중

우리의 네모 칸은 bloom
엄지손가락으로 장미꽃을 피워
향기에 취할 것 같아 우
오직 둘만의 비밀의 정원

I feel bloom I feel bloom I feel bloom
너에게 한 송이를 더 보내

밤샘 작업으로 업데이트
흥미로운 이 작품의 지은이 that’s me 우
어쩜 이 관계의 클라이맥스
2막으로 넘어가기엔 지금이 good timing 우

같은 맘인 걸 알아 realize la lize
말을 고르지 말아 just reply la la ly
조금 장난스러운 나의 은유에
네 해석이 궁금해

우리의 색은 gray and blue
엄지손가락으로 말풍선을 띄워
금세 터질 것 같아 우
호흡이 가빠져 어지러워

I feel blue. I feel blue. I feel blue.
너에게 가득히 채워

띄어쓰기없이보낼게사랑인것같애
백만송이장미꽃을, 나랑피워볼래?
꽃잎의 색은 우리 마음 가는 대로 칠해
시들 때도 예쁘게

우리의 네모 칸은 bloom
엄지손가락으로 장미꽃을 피워
향기에 취할 것 같아 우
오직 둘만의 비밀의 정원

I feel bloom I feel bloom I feel bloom
너에게 한 송이를 더 보내",https://www.youtube.com/watch?v=D1PvIWdJ8xo,[MV] IU(아이유) _ Blueming(블루밍)
10,아이유 - 비밀의 화원,"바람을 타고 날아오르는
새들은 걱정 없이
아름다운 태양 속으로
음표가 되어 나네
향기 나는 연필로 쓴 일기처럼
숨겨두었던 마음
기댈 수 있는 어깨가 있어
비가 와도 젖지 않아
어제의 일들은 잊어
누구나 조금씩은 틀려
완벽한 사람은 없어
실수투성이고 외로운 나를 봐
난 다시 태어난 것만 같아
그대를 만나고부터
그대 나의 초라한 마음을
받아준 순간부터 랄라라릴라
하루하루 조금씩 나아질 거야
그대가 지켜보니
힘을 내야지 행복해져야지
뒤뜰에 핀 꽃들처럼
점심을 함께 먹어야지
새로 연 그 가게에서
새 샴푸를 사러 가야지
아침 하늘빛의 민트향이면 어떨까
난 다시 꿈을 꾸게 되었어
그대를 만나고부터
그대 나의 초라한
마음을 받아준 순간부터 랄라라릴라
월요일도 화요일도 봄에도
겨울에도 해가 질 무렵에도
비둘기를 안은 아이같이
행복해줘 나를 위해서
난 다시 태어난 것만 같아
그대를 만나고부터
그대 나의 초라한 마음을
받아준 순간부터 랄라라릴라
난 다시 꿈을 꾸게 되었어
그대를 만나고부터
그대 나의 초라한 마음을
받아준 순간부터 랄라라릴라",https://www.youtube.com/watch?v=eGXJs7zOHC4,Secret Garden (비밀의 화원)
11,아이유 - 팔레트 (Feat. G-DRAGON),"팔레트 (Feat. G-DRAGON)

이상하게도 요즘엔
그냥 쉬운 게 좋아
하긴 그래도 여전히
코린 음악은 좋더라
Hot Pink 보다 진한
보라색을 더 좋아해
또 뭐더라 단추 있는
Pajamas Lipstick
좀 짓궂은 장난들
I like it I'm twenty five
날 좋아하는 거 알아
I got this I'm truly fine
이제 조금 알 것 같아 날
긴 머리보다 반듯이 자른
단발이 좋아
하긴 그래도 좋은 날 부를 땐
참 예뻤더라
오 왜 그럴까 조금
촌스러운 걸 좋아해
그림보다 빼곡히 채운
Palette 일기 잠들었던 시간들
I like it I'm twenty five
날 미워하는 거 알아
I got this I'm truly fine
이제 조금 알 것 같아 날
어려서 모든 게 어려워
잔소리에 매 서러워
꾸중만 듣던 철부지 애
겨우 스무고개 넘어
기쁨도 잠시 어머
아프니까 웬 청춘이래
지은아 오빠는 말이야
지금 막 서른인데
나는 절대로 아니야
근데 막 어른이 돼
아직도 한참 멀었는데
너보다 다섯 살 밖에 안 먹었는데
스물 위 서른 아래
고맘때 Right there
애도 어른도 아닌 나이 때
그저 나일 때
가장 찬란하게 빛이 나
어둠이 드리워질 때도 겁내지 마
너무 아름다워서 꽃잎 활짝 펴서
언제나 사랑 받는 아이 YOU
Palette 일기 잠들었던 시간들
I like it I'm twenty five
날 좋아하는 거 알아
I got this I'm truly fine
이제 조금 알 것 같아 날
아직 할 말이 많아
I like it I'm twenty five
날 미워하는 거 알아
I got this I've truly found
이제 조금 알 것 같아 날",https://www.youtube.com/watch?v=d9IxdwEFk1c,[MV] IU(아이유) _ Palette(팔레트) (Feat. G-DRAGON)
12,아이유 - 스물셋,"I'm twenty three
난 수수께끼 Question
뭐게요 맞혀봐요
I'm twenty three
틀리지 말기 Because
난 몹시 예민해요
맞혀봐
한 떨기 스물셋 좀
아가씨 태가 나네
다 큰 척해도 적당히 믿어줘요
얄미운 스물셋
아직 한참 멀었다 얘
덜 자란 척해도
대충 속아줘요
난 그래 확실히 지금이 좋아요
아냐 아냐
사실은 때려 치고 싶어요
아 알겠어요
나는 사랑이 하고 싶어
아니 돈이나 많이 벌래
맞혀봐
어느 쪽이게
얼굴만 보면 몰라
속마음과 다른 표정을 짓는 일
아주 간단하거든
어느 쪽이게
사실은 나도 몰라
애초에 나는 단 한 줄의
거짓말도 쓴 적이 없거든
여우인 척 하는 곰인 척
하는 여우 아니면
아예 다른 거
어느 쪽이게
뭐든 한 쪽을 골라
색안경 안에 비춰지는 거
뭐 이제 익숙하거든
Check it out
겁나는 게 없어요
엉망으로 굴어도
사람들은 내게 매일 친절해요
인사하는 저 여자
모퉁이를 돌고도
아직 웃고 있을까
늘 불안해요
난 영원히 아이로 남고 싶어요
아니 아니
물기 있는 여자가 될래요
아 정했어요
난 죽은 듯이 살래요
아냐 다 뒤집어 볼래
맞혀봐
어느 쪽이게
얼굴만 보면 몰라
속마음과 다른 표정을 짓는 일
아주 간단하거든
어느 쪽이게
사실은 나도 몰라
애초에 나는 단 한 줄의
거짓말도 쓴 적이 없거든
여우인 척 하는 곰인 척
하는 여우 아니면
아예 다른 거
어느 쪽이게
뭐든 한 쪽을 골라
색안경 안에 비춰지는 거
뭐 이제 익숙하거든
난 당신 맘에 들고 싶어요
아주 살짝만
얄밉게 해도 돼요
난 당신 맘에 들고 싶어요
자기 머리 꼭대기 위에서
놀아도 돼요
맞혀봐
어느 쪽이게
얼굴만 보면 몰라
속마음과 다른 표정을 짓는 일
아주 간단하거든
어느 쪽이게
사실은 나도 몰라
애초에 나는 단 한 줄의
거짓말도 쓴 적이 없거든
여우인 척 하는 곰인 척
하는 여우 아니면
아예 다른 거
어느 쪽이게
뭐든 한 쪽을 골라
색안경 안에 비춰지는 거
뭐 이제 익숙하거든",https://www.youtube.com/watch?v=42Gtm4-Ax2U,[MV] IU(아이유) _ Twenty-three(스물셋)
13,아이유 - 마음,"툭 웃음이 터지면 그건 너
쿵 내려앉으면은 그건 너
축 머금고 있다면 그건 너
둥 울림이 생긴다면 그건 너
그대를 보며
나는 더운 숨을 쉬어요
아픈 기분이 드는 건
그 때문이겠죠
나를 알아주지 않으셔도 돼요
찾아오지 않으셔도
다만 꺼지지 않는 작은 불빛이
여기 반짝 살아있어요
영영 살아있어요
눈을 떼지 못 해
하루종일 눈이 시려요
슬픈 기분이 드는 건
그 때문이겠죠
제게 대답하지 않으셔도 돼요
달래주지 않으셔도
다만 꺼지지 않는 작은 불빛이
여기 반짝 살아있어요
세상 모든 게 죽고 새로 태어나
다시 늙어갈 때에도
감히 이 마음만은 주름도 없이
여기 반짝 살아있어요
영영 살아있어요
영영 살아있어요",https://www.youtube.com/watch?v=Ry2Grm4p70o,[IU 12th ANNIVERSARY] 아이유 - 마음 (IU - heart) l #월요병예방 l #피크닉라이브소풍 l EP.105
14,방탄소년단 - 작은 것들을 위한 시 (Boy With Luv) (Feat. Halsey),"모든 게 궁금해
How’s your day
Oh tell me
뭐가 널 행복하게 하는지
Oh text me
Your every picture
내 머리맡에 두고 싶어
oh bae
Come be my teacher
네 모든 걸 다 가르쳐줘
Your 1 your 2
Listen my my baby 나는
저 하늘을 높이 날고 있어
그때 니가 내게 줬던 두 날개로
이제 여긴 너무 높아
난 내 눈에 널 맞추고 싶어
Yeah you makin’ me a boy with luv
Oh my my my oh my my my
I've waited all my life
네 전부를 함께하고 싶어
Oh my my my oh my my my
Looking for something right
이제 조금은 나 알겠어
I want something stronger
Than a moment
than a moment love
I have waited longer
For a boy with
For a boy with luv
널 알게 된 이후 ya
내 삶은 온통 너 ya
사소한 게 사소하지 않게
만들어버린 너라는 별
하나부터 열까지 모든 게 특별하지
너의 관심사 걸음걸이 말투와
사소한 작은 습관들까지
다 말하지 너무 작던
내가 영웅이 된 거라고
Oh nah
난 말하지 운명 따윈
처음부터 내 게 아니었다고
Oh nah
세계의 평화
No way
거대한 질서
No way
그저 널 지킬 거야 난
Boy with luv
Listen my my baby 나는
저 하늘을 높이 날고 있어
그때 니가 내게 줬던 두 날개로
이제 여긴 너무 높아
난 내 눈에 널 맞추고 싶어
Yeah you makin’ me a boy with luv
Oh my my my oh my my my
You got me high so fast
네 전부를 함께하고 싶어
Oh my my my oh my my my
You got me fly so fast
이제 조금은 나 알겠어
Love is nothing stronger
Than a boy with luv
Love is nothing stronger
Than a boy with luv
툭 까놓고 말할게
나도 모르게 힘이 들어가기도 했어
높아버린 sky
커져버린 hall
때론 도망치게 해달라며 기도했어
But 너의 상처는 나의 상처
깨달았을 때 나 다짐했던 걸
니가 준 이카루스의 날개로
태양이 아닌 너에게로
Let me fly
Oh my my my oh my my my
I've waited all my life
네 전부를 함께하고 싶어
Oh my my my oh my my my
Looking for something right
이제 조금은 나 알겠어
I want something stronger
Than a moment
than a moment love
Love is nothing stronger
Than a boy with luv",https://www.youtube.com/watch?v=XsX3ATc3FbA,BTS (방탄소년단) '작은 것들을 위한 시 (Boy With Luv) (feat. Halsey)' Official MV
15,방탄소년단 - Euphoria,"너는 내 삶에 다시 뜬 햇빛
어린 시절 내 꿈들의 재림
모르겠어 이 감정이 뭔지
혹시 여기도 꿈속인 건지
꿈은 사막의 푸른 신기루
내 안 깊은 곳의 a priori
숨이 막힐 듯이 행복해져
주변이 점점 더 투명해져
저기 멀리서 바다가 들려
꿈을 건너서 수풀 너머로
선명해지는 그 곳으로 가
Take my hands now
You are the cause of my euphoria
Euphoria
Take my hands now
You are the cause of my euphoria
Euphoria
Close the door now
When I'm with you I'm in utopia
너도 나처럼
지워진 꿈을 찾아 헤맸을까
운명 같은 흔한 말관 달라
아픈 너의 눈빛이
나와 같은 곳을 보는 걸
Won't you please stay in dreams
저기 멀리서 바다가 들려
꿈을 건너서 수풀 너머로
선명해지는 그 곳으로 가
Take my hands now
You are the cause of my euphoria
Euphoria
Take my hands now
You are the cause of my euphoria
모래 바닥이 갈라진대도
그 누가 이 세곌 흔들어도
잡은 손 절대 놓지 말아줘
제발 꿈에서 깨어나지 마
저기 멀리서 바다가 들려
꿈을 건너서 수풀 너머로
제발 꿈에서 깨어나지 마
선명해지는 그 곳으로 가
Take my hands now
You are the cause of my euphoria
Euphoria
Take my hands now
You are the cause of my euphoria
Euphoria
Close the door now
When I'm with you I'm in utopia",https://www.youtube.com/watch?v=kX0vO4vlJuU,BTS (방탄소년단) 'Euphoria : Theme of LOVE YOURSELF 起 Wonder'
16,MSG워너비(M.O.M) - 바라만 본다,"내가 너라면 다 알아볼 텐데
널 위할 사람 찾아낼 텐데
지난 오랜 시간 너의 그 곁을
지켜온 나라는 걸
내가 너였다면 참 행복할 텐데
한 사람을 다 가졌으니까
둔한 바보도 눈치챌 그 사랑을
너만 왜 모르니
너를 바라만 바라만 본다
외쳐 네 이름만 부른다
보고 싶은 맘에 너를 향한 그 발걸음
네 곁을 맴도는데
오늘도 그리고 그리워하다
애써 참았던 눈물이 흘러
그저 멀리서만 바라보다
또 소리쳐 네가 보고 싶다
네가 나라면 더 참 아팠을 텐데
슬픈 역할은 내가 맡을게
웃는 모습만 보이며 살아가 줘
내가 볼 수 있게
너를 바라만 바라만 본다
외쳐 네 이름만 부른다
보고 싶은 맘에 너를 향한 그 발걸음
네 곁을 맴도는데
오늘도 그리고 그리워하다
애써 참았던 눈물이 흘러
그저 멀리서만 바라보다 또 소리쳐
네가 보고 싶다
한 걸음 더 다가갈까
더 가까이 네게 갈까 OH
어제보다 더 내일 더 널 사랑해
I’ll make you love me someday
혼자 바라고 바라만 보다
울컥 그리움이 솟는다
바보 같은 맘에 하지 못한 그 한마디
널 사랑한다는 말
얼마나 그리고 그리워해야
내 맘 너의 곁에 닿게 될까
매일 하루 종일 너의 생각에 사무쳐
너무 보고 싶다",https://www.youtube.com/watch?v=-rM5JjNfPHA,[MSG워너비] M.O.M - 바라만 본다 음악중심 데뷔 무대! (Hangout with Yoo - MSG WANNABE)
17,태연 (TAEYEON) - Weekend,"가장 가까운 바다
혼자만의 영화관
그냥 이끌리는 대로 해도 괜찮으니까
Every morning 울린
Beep beep beep beep 소리
귀에 윙윙윙 맴도는
나를 재촉하던 모닝콜 없이 일어나
Cheese cake 한 입
유리컵 한가득
내린 커피 한 잔
아이스로 할래 아주 여유롭게
문득 시곌 보니
벌써 시간은 열두시
그래도 아주 느긋해
그리곤 하품 한 번
한껏 기지개도 켜고
생각해 오늘 뭐 할까
창문 너머 계절에 시선이 닿은 그 순간
쏟아지는 햇살 내 맘을 두드려
내게 손짓하는 싱그러운 바람 타고서
떠나볼래 When the weekend comes
I can do whatever I want
바람 따라 흩어진 cloud
더 자유롭게 we can go
가장 가까운 바다
혼자만의 영화관
그냥 이끌리는 대로 해도 괜찮으니까
훌쩍 떠나보는 drive
뚜벅 걸어도 좋아
뭐든 발길 닿는 대로 지금 떠나보려 해 oh
하루쯤 세상의 얘길 무시한 채
내가 나의 하루를 조립해 보려 해
더는 no no stress 고민 안 할래
Move it right left right 내 맘대로
가본 적도 없는 길 뭐가 있든지
I don’t need a map
when I roll the streets
이어 가보는 이윤 for a little fun
계속 up up up 좀 더 올라가
한쪽 길모퉁이 따라 맘대로 자라난
조그만 이름 모를 꽃
한참을 바라보다 뜨거운 햇살을 피해
벤치에 잠깐 앉아 봐
느려지는 걸음 그림자의 속도를 따라
함께 걷는 태양과 발을 맞추고
뒤이을 달빛을 따라 돌아오고 싶은 걸
떠나볼래 When the weekend comes
I can do whatever I want
바람 따라 흩어진 cloud
더 자유롭게 we can go
아무 계획이 없어서 완벽한 plan
우연히 찾아낸 secret place
그곳에 두고 와 나만의 작은 짐
골목길 끝을 돌아 만나게 될
기분 좋은 surprise 또 설렘
두근두근 온종일
고소한 향기의 coffee shop
눈에 들어오는 예쁜 옷
Do it for the weekend
do it for the weekend
맘에 들어오는 걸 더는 망설이긴 싫은 걸
그래도 돼 When the weekend comes
I can do whatever I want
바람 따라 흩어진 cloud
더 자유롭게 we can go
가장 가까운 바다
혼자만의 영화관
그냥 이끌리는 대로 해도 괜찮으니까
훌쩍 떠나보는 drive
뚜벅 걸어도 좋아
뭐든 발길 닿는 대로 지금 떠나보려 해 oh",https://www.youtube.com/watch?v=RmuL-BPFi2Q,TAEYEON 태연 'Weekend' MV
18,태연 (TAEYEON) - Why,"Why

Oh yeah yeah
Oh 언젠가는 내 두 발이
Oh 닿는 대로
이끌리는 시선을 뺏겨버린 대로
가볍게 걸어갈 낯선 곳을 그리다
또 결국엔 허전한 긴 한숨에 멈춰
Why Why 돌아서 또 넌
Why Why 꿈만 가득해
지금 떠난다면
Good Good Good yeah
만나게 될 모든 건
Great Great yeah
가벼워진 맘이
Work Work baby
이미 이미 눈 앞에
아른아른대는데 망설여 Why
나침반 위 돌아가던 바늘이
멈춘 곳에 가득 핀
이름 모를 꽃잎이
널 위해 끌어당긴
빛이 담긴 풍경 속에
어서 뛰어들어
나보다 자유롭게 더
Why Why Why
괜히 미뤄 왔던 날
많았던 걱정이 모두 다 사라진
tonight yeah
바람 불어오면
Good Good Good yeah
펼쳐지는 모든 건
Great Great yeah
달라지는 맘이
Work Work baby
이미 이미 눈 앞에
아른아른대는데
지금 떠난다면
Good Good Good yeah
만나게 될 모든 건
Great Great yeah
가벼워진 맘이
Work Work baby
이미 이미 눈 앞에
아른아른대는데 망설여 Why
쫓아가기도 벅차 숨이 찬
세상이 전부는 아냐
하루 종일 걸어도
똑같은 풍경은
절대 보이지 않아
하얀 종이에 적어 본 Why
잉크처럼 번지는 맘
I'm falling I'm falling
I'm falling to you
바람 불어오면
Good Good Good yeah
펼쳐지는 모든 건
Great Great yeah
달라지는 맘이
Work Work baby
이미 이미 눈 앞에
아른아른대는데
지금 떠난다면
Good Good Good yeah
만나게 될 모든 건
Great Great yeah
가벼워진 맘이
Work Work baby
이미 이미 눈 앞에
아른아른대는데 망설여 Why",https://www.youtube.com/watch?v=Ri6wvGjuoOg,TAEYEON 태연 'Why' MV (Dance ver.)
19,조이 (JOY) - 안녕 (Hello),"이슬비가 내리는 오늘은
사랑하는 그대의 생일날
온종일 난 그대를 생각하면서
무엇을 할까 고민했죠
난 가까운 책방에 들러서
예쁜 시집에 내 맘 담았죠
그 다음엔 근처 꽃집으로 가서
빨간 장미 한 송일 샀죠
내려오는 비를 맞으며
그대에게 가는 길 너무 상쾌해
품 속에는 장미 한 송이
책 한 권과 그댈 위한 깊은 내 사랑
아름다운 그대를 만난 건
하느님께 감사드릴 우연
작은 내 맘 알아주는 그대가 있기에
이 세상이 난 행복해
Lalalala lala
Durudu dururu dudu
난 가까운 책방에 들러서
예쁜 시집에 내 맘 담았죠
그 다음엔 근처 꽃집으로 가서
빨간 장미 한 송일 샀죠
내려오는 비를 맞으며
그대에게 가는 길 너무 상쾌해
품 속에는 장미 한 송이
책 한 권과 그댈 위한 깊은 내 사랑
아름다운 그대를 만난 건
하느님께 감사드릴 우연
작은 내 맘 알아주는 그대가 있기에
이 세상이 난 행복해
너무너무나 행복해
Happy birthday to you",https://www.youtube.com/watch?v=lNvBbh5jDcA,JOY 조이 '안녕 (Hello)' MV
20,"효린, 창모 (CHANGMO) - BLUE MOON","어서 날 알아보길 바래
나 없는 넌 안 되겠다고 말해
깨고 또 깨어나도
반복되는 깊고 슬픈 꿈
내 머릴 쓰다듬고
이제 괜찮다고 말해
메마른 너의 눈빛은
make me crazy
둘 사이 파랗고 위태로운
다리를 건너
나밖에 몰랐었던 너
사랑이 전부였던 나
그곳으로 난 돌아가길 바래
날 끌어당겨 작은 틈도 없게 해줘
네게 안겨 지친 맘을 쉬고 싶어
발이 땅에 닿지 않는 이별 위를
혼자 허우적대며 걷지 않게 해줘
I walk on the moon in the air
I walk on the moon in the air
바닥 출신의 신사가 널 원해
이 신사는 never leave you lonely
오늘 낮 오늘 밤 아 오늘 다
너한테 내줄래 무료로 다 전세
내 동네로 와 도시를 나와줘
도시의 공주님 나에게 맡겨 널
걱정 마 돈 벌어 구매할래 니 시간
말 안 할랬는데
내가 스타래 서울시가
널 탐하는 남자는 villain
영웅은 단번에 악당을 killin
야망이 가득한 난 그 후 널 안고
총 모양 오른손을 한 채로 1llin
Baby girl 나와 그댄 어려
시간은 많잖아
나와 몇 억 초를 세버려
Mooooah 오늘뿐여도 yes
죽을 때까지라면 더 yes princess
날 끌어당겨 작은 틈도 없게 해줘
네게 안겨 지친 맘을 쉬고 싶어
발이 땅에 닿지 않는 이별 위를
혼자 허우적대며 걷지 않게 해줘
I walk on the moon in the air
I walk on the moon in the air
I walk on the moon in the air
I walk on the moon in the air",https://www.youtube.com/watch?v=GeJAee3m3Ik&pp=ygUk7Zqo66awLCDssL3rqqggKENIQU5HTU8pIC0gQkxVRSBNT09O,"[MV] HYOLYN, CHANGMO(효린, 창모) _ BLUE MOON (Prod. GroovyRoom)"
21,볼빨간사춘기 - 여행,"저 오늘 떠나요 공항으로
핸드폰 꺼 놔요
제발 날 찾진 말아줘
시끄럽게 소리를 질러도
어쩔 수 없어 나
가볍게 손을 흔들며 bye bye
쉬지 않고 빛났던 꿈같은
my youth
이리저리 치이고 또 망가질 때쯤
지쳤어 나 미쳤어
나 떠날 거야 다 비켜
I fly away
Take me to London
Paris New York city들
아름다운 이 도시에 빠져서 나
Like I'm a bird bird
날아다니는 새처럼
난 자유롭게 fly fly
나 숨을 셔
Take me to new world anywhere
어디든
답답한 이 곳을 벗어 나기만 하면
Shining light light
빛나는 my youth
자유롭게 fly fly
나 숨을 셔
저 이제 쉬어요 떠날 거예요
노트북 꺼 놔요
제발 날 잡진 말아줘
시끄럽게 소리를 질러도
어쩔 수 없어 나
가볍게 손을 흔들며 see ya
쉬지 않고 빛났던 꿈같은
my youth
이리 저리 치이고 또 망가질 때쯤
지쳤어 나 미쳤어
나 떠날 거야 다 비켜
I fly away
Take me to London Paris
New York city들
아름다운 이 도시에 빠져서 나
Like I'm a bird bird
날아 다니는 새처럼
난 자유롭게 fly fly
나 숨을 셔
Take me to new world anywhere
어디든
답답한 이 곳을 벗어 나기만 하면
Shining light light
빛나는 my youth
자유롭게 fly fly
나 숨을 셔
I can fly away
Fly always always always
Take me to new world anywhere
어디든
답답한 이 곳을 벗어 나기만 하면
Shining light light
빛나는 my youth
자유롭게 fly fly
나 숨을 셔",https://www.youtube.com/watch?v=g6U2SS-ZMy8,[Lyrics Video] BOL4(볼빨간사춘기) - Travel(여행)
22,어반자카파 - 목요일 밤 (Feat. 빈지노),"평범한 목요일 밤
널 데려 갈게 어디든
일주일 중에 네가
제일 지쳐 있을 오늘
Wanna drive
If you don’t mind
둘이서 갈래 어디든
밤을 가득 채울
너와 나 그 곳을 향해 향해
Wherever you want
이리 저리 치이다
정해진 모든 걸 해내도
하나도 웃음 안 나고
또 올 내일이 두렵고
밤은 좀 남았는데
어떻게 써야할지 모르고
너와 함께 밤공기를
느끼고 파
지금 데리러 갈게
집에 가지 말고 있어줘
baby I’m on my way
Maybe I’ll be there by 8
왜 너가 차빌 내야해
좋은 음악이 있는
오빠 차가 있잖아
물론 내일 일찍
일 나가야해
이런 실랑이 할 시간에
조금이라도 널 봐야해 난
호흡이 딸리는 목요일 밤
널 생각하면서 달려가 난
평범한 목요일 밤
널 데려 갈게 어디든
일주일 중에 네가 제일
지쳐 있을 오늘
Wanna drive
If you don’t mind
둘이서 갈래 어디든
밤을 가득 채울 너와 나
그 곳을 향해 향해
Wherever you want
어디든 데려다 줄게
건반처럼 가로등을
가로지르며
너의 하룰 들으며
그랬어 그러면서
너를 괴롭혔던
바깥 세상의
밤 공기를 밀며
창 밖에 내던진 음악처럼
한강엔 별과 달이 시간과
똑같이 흐르고 있어
우린 느낄 수 있어 둘이서
앞으로 더 많은 목요일에
도착할 거란 걸
평범한 목요일 밤
널 데려갈게 어디든
Wherever you want
어디가 됐건
Whatever you want
그 무엇이 됐건
Let’s go Let’s go
Wanna drive
If you don’t mind
둘이서 갈래 어디든
Wherever you want
Wherever we want
Wherever I want
Wherever you want
we’re going to yo
바람을 더 느끼게
창문을 더 활짝 열어줘
아무 말 필요 없어
그냥 나를 믿어
Give it up Baby
Wanna drive
If you don’t mind
둘이서 갈래 어디든
밤을 가득 채울
너와 나 그 곳을 향해 향해
Wherever you want
Wherever you want
Wherever we want
Wherever I want
Wherever you want
we’re going to yo
Wherever you want
Wherever we want
Wherever I want
Wherever you want
we’re going to yo",https://www.youtube.com/watch?v=Rcagb_psrbs,[MV] Urban Zakapa(어반자카파) _ Thursday Night(목요일 밤) (feat. Beenzino(빈지노))
23,경서 - 밤하늘의 별을(2020),"밤하늘의 별을 따서 너에게 줄래
너는 내가 사랑하니까
더 소중하니까
오직 너 아니면 안 된다고
외치고 싶어 그저
내 곁에만 있어줘
떠나지 말아줘
참 많이 어색했었죠 널 처음 만난 날
멀리서 좋아하다가 들킨 사람처럼
숨이 가득 차올라서
아무 말 하지 못했는데
너는 말 없이 웃으며 내 손 잡아줬죠
밤하늘의 별을 따서 너에게 줄래
너는 내가 사랑하니까
더 소중하니까
오직 너 아니면 안 된다고
외치고 싶어
그저 내 곁에만 있어줘
떠나지 말아줘
널 좋아하는 내 마음이 표현이 안 돼
꿈이 아니면 좋겠어 자꾸 웃음 나와
내 모든 걸 다 준대도
너에겐 아깝질 않아
이 순간이 영원하길 난 정말 행복해
밤하늘의 별을 따서 너에게 줄래
너는 내가 사랑하니까
더 소중하니까
오직 너 아니면 안 된다고
외치고 싶어
그저 내 곁에만 있어줘
떠나지 말아줘
그저 내 곁에만 있어줘
떠나지 말아줘
많고 많은 사람 중에
너를 만나서 행복하고 싶어
두 번 다시 울지 않을래
오직 내 눈에는 너만 보여
나를 아껴줘 이제부터
혼자가 아니야 우린 함께니까
나나나 난난 난난나
나나나 난난 난난나
나 나나나 난난 난난나 나나난나
나나나 난난 난난나
나나나 난난 난난나
나 나나나 난난 난난나 나나난나",https://www.youtube.com/watch?v=qW7lMRUsvM0,경서 - 밤하늘의 별을(2020)  [유희열의 스케치북/You Heeyeol’s Sketchbook] | KBS 210827 방송
24,AKMU (악뮤) - DINOSAUR,"나의 옛날 동네
옛날 동네 반지하 빌라엔
네 가족 오순 도순
오순 도순 잘 살고 있었네
화장실 문 밑엔
쥐가 파놓은 구멍이
매일 밤 뒤척거리시던 아버지
No problem
난 아무것도 몰랐거든
아직도 그때가 생생해
무서울게 없었던 어리기만 한 나를
펄쩍 뛰게 한
펄쩍 뛰게 한
펄쩍 뛰게 한
Dinosaur
Dinosaur
어릴 적 내 꿈에 나온 Dinosaur
어릴 적 내 꿈에 나온 Dinosaur
비명과 함께 깼네
함께 깼네 네 가족이 다 같이
따스한 이부자리
이부자리 두 발로 걷어찼지
엄마는 날 안아줘
내 못 감추는 울먹임
TV 보며 진정하라 하셨지
깜빡깜빡 거리네
까만 방이 번쩍거리네
아직도 그 꿈이 생생해
무서울게 없었던 어리기만 한 나를
펄쩍 뛰게 한
펄쩍 뛰게 한
펄쩍 뛰게 한
Dinosaur
Dinosaur
어릴 적 내 꿈에 나온 Dinosaur
어릴 적 내 꿈에 나온 Dinosaur
우리 집 창문을 부수고
내 가족에게 포효하던
널 다시 만나면
그땐 너보다
더 크게 소리 지를래
더 크게 소리 지를래
더 크게 소리 지를래
더 크게 소리 지를래
Dinosaur
Dinosaur
어릴 적 내 꿈에 나온 Dinosaur
어릴 적 내 꿈에 나온 Dinosaur",https://www.youtube.com/watch?v=8Oz7DG76ibY,AKMU - 'DINOSAUR' M/V
25,숀 (SHAUN) - Way Back Home,"멈춘 시간 속
나는 너를 찾아가
아무리 막아도
결국 너의 곁인 걸

길고 긴 여행을 끝내
이젠 돌아가
너라는 집으로
지금 다시
way back home

아무리 힘껏 닫아도
다시 열린 서랍 같아
하늘로 높이 날린 넌
자꾸 내게 되돌아와
힘들게 삼킨 이별도
다 그대로인 걸
oh oh oh

수없이 떠난 길 위에서
난 너를 발견하고
비우려 했던 맘은 또
이렇게 너로 차올라

발걸음의 끝에
늘 니가 부딪혀
그만
그만

멈춘 시간 속
잠든 너를 찾아가
아무리 막아도
결국 너의 곁인 걸

길고 긴 여행을 끝내
이젠 돌아가
너라는 집으로
지금 다시
way back home

조용히 잠든 방을 열어
기억을 꺼내 들어
부서진 시간 위에서
선명히 너는 떠올라

길 잃은 맘 속에
널 가둔 채 살아
그만
그만

멈춘 시간 속
잠든 너를 찾아가
아무리 막아도
결국 너의 곁인 걸

길고 긴 여행을 끝내
이젠 돌아가
너라는 집으로
지금 다시
way back home

세상을 뒤집어
찾으려 해
오직 너로 완결된
이야기를
모든 걸 잃어도
난 너 하나면 돼

빛이 다 꺼진 여기
나를 안아줘

눈을 감으면
소리 없이 밀려와
이 마음 그 위로
넌 또 한 겹 쌓여가

내겐 그 누구도 아닌
니가 필요해
돌아와 내 곁에
그날까지
I’m not done",https://www.youtube.com/watch?v=amOSaNX7KJg,숀 (SHAUN) - 웨이백홈 (Way Back Home) [Lyric Video]
26,아이유 - Celebrity,"세상의 모서리
구부정하게 커버린
골칫거리 outsider

걸음걸이, 옷차림,
이어폰 너머 play list
음악까지 다 minor

넌 모르지
떨군 고개 위
환한 빛 조명이
어딜 비추는지

느려도 좋으니
결국 알게 되길
The one and only
You are my celebrity

잊지마 넌 흐린 어둠 사이
왼손으로 그린 별 하나
보이니 그 유일함이 얼마나
아름다운지 말야
You are my celebrity

celebrity
You are my celebrity

지쳐버린 표정 마치
전원을 꺼놓은 듯이
심장소린 too quiet

네가 가진 반짝거림,
상상력, identity
까지 모조리 diet

넌 모르지
아직 못다 핀
널 위해 쓰여진
오래된 사랑시

헤매도 좋으니
웃음 짓게 되길
The one and only
You are my celebrity

잊지마 넌 흐린 어둠 사이
왼손으로 그린 별 하나
보이니 그 유일함이 얼마나
아름다운지 말야
You are my celebrity

발자국마다 이어진 별자리
그 서투른 걸음이 새겨놓은 밑그림
오롯이 너를 만나러 가는 길
그리로 가면 돼 점선을 따라

잊지마 이 오랜 겨울 사이
언 틈으로 피울 꽃 하나
보이니 하루 뒤 봄이 얼마나
아름다울지 말야
You are my celebrity

celebrity
You are my celebrity",https://www.youtube.com/watch?v=0-q1KafFCLU,[MV] IU(아이유) _ Celebrity
27,"적재 - 반짝 빛나던, 나의 2006년","어제 같아
밤새워 나누던 얘기들
이어폰 귀에 꽂은 채로
잠들기 아쉬워서
몇 번이고 돌려 듣던
그 밤이 꿈만 같아
사랑하고 사랑받았던
그 모든 예쁜 시간들이
보내기 아쉬워서
자꾸 떠올리게 되나 봐
세상이 하나둘씩
이해되기 시작할 때쯤
더 그리워지는 건 왜일까
반짝 빛나던 나의 2006년
모두들 각자의 자리에서 빛나고 있는
이 순간이 왜 난 슬퍼질까
이젠 지나간 나의 2006년
뭐라 말할까
치열하게 살아왔던
어렸었던 우리의 지난 나날들이
너무도 그리워서
자꾸 꺼내 보게 되는걸
세상이 하나둘씩
이해되기 시작할 때쯤
더 그리워지는 건 왜일까
반짝 빛나던 나의 2006년
모두들 각자의 자리에서 빛나고 있는
이 순간이 왜 난 슬퍼질까
이젠 지나간 나의 2006년
아무 이유 없이 모여 앉아
의미 없는 대화에
사소한 얘기에 울고 웃던
그때의 우리가
참 좋았었어
그땐 몰랐었던 행복한 시간들
시간이 흘러도
좋은 기억만
내게 남겨줘서 고마웠어
반짝 빛나던 나의 2006년
시간이 흘러도
아직 그대로
내 마음 한 켠에 남아있어
이젠 지나간 나의 2006년",https://www.youtube.com/watch?v=m51h9QNwJdc,"적재 - 반짝 빛나던, 나의 2006년 [유희열의 스케치북/You Heeyeol’s Sketchbook] | KBS 201120 방송"
28,이무진 - 신호등,"이제야 목적지를 정했지만
가려한 날 막아서네 난 갈 길이 먼데
새빨간 얼굴로 화를 냈던
친구가 생각나네
이미 난 발걸음을 떼었지만
가려한 날 재촉하네 걷기도 힘든데
새파랗게 겁에 질려 도망간
친구가 뇌에 맴도네
건반처럼 생긴 도로 위
수많은 동그라미들 모두가
멈췄다 굴렀다 말은 잘 들어
그건 나도 문제가 아냐
붉은색 푸른색 그 사이
3초 그 짧은 시간
노란색 빛을 내는
저기 저 신호등이
내 머릿속을 텅 비워버려
내가 빠른지도
느린지도 모르겠어
그저 눈앞이 샛노랄 뿐이야
솔직히 말하자면 차라리
운전대를 못 잡던 어릴 때가
더 좋았었던 것 같아
그땐 함께 온 세상을
거닐 친구가 있었으니
건반처럼 생긴 도로 위
수많은 조명들이 날 빠르게
번갈아 가며 비추고 있지만
난 아직 초짜란 말이야
붉은색 푸른색 그 사이
3초 그 짧은 시간
노란색 빛을 내는 저기 저 신호등이
내 머릿속을 텅 비워버려
내가 빠른지도
느린지도 모르겠어
그저 눈앞이 샛노랄 뿐이야
꼬질꼬질한 사람이나
부자 곁엔 아무도 없는
삼색 조명과 이색 칠 위에
서 있어 괴롭히지 마
붉은색 푸른색 그 사이
3초 그 짧은 시간
노란색 빛을 내는 저기 저 신호등이
내 머릿속을 텅 비워버려
내가 빠른지도
느린지도 모르겠어
그저 눈앞이 샛노랄 뿐이야",https://www.youtube.com/watch?v=SK6Sm2Ki9tI,[MV] Lee Mujin(이무진) _ Traffic light(신호등)
29,LUCY - 히어로,"부디 너의 맘에
하얗게 내린 눈꽃이
차갑게 얼지 않기를
너라는 이름은
오뉴월의 꿈만 같아
깨고 싶지 않은걸
너라면 이런 날
기다릴 수 있을까
저 달이 떨어져도
난 아직까지 그대로 일 텐데
막다른 길이라고
또 혼자서 넘어져 우울하고
난 그대에게 조금 더 멋있는 사람이
돼 주고 싶었는데
눈부셔 햇살을
닮아 환하게 웃어 주는 너
난 만화 속에
주인공처럼
내겐 두 손에 빔
하늘을 가르는 날개
괴력의 힘은 없지만
그래 너의 곁에선
주인공이 된 것 같아
너에게 내 세상을 줄게
나라면 이런
나를 사랑해 줄 수 있을까
어디로 가는지도
나는 아직 모르는데
그댄 왜 왔다가 갔다가
제멋대로인 날
떠나지 않고 그 자리에
아직도 그대로
눈부셔 빛나는 그대와
달이 저무는 하루
난 만화 속에
주인공처럼
내겐 두 손에 빔
하늘을 가르는 날개
괴력의 힘은 없지만
그래 너의 곁에선
주인공이 된 것 같아
너에게 내 세상을 줄게",https://www.youtube.com/watch?v=V-eHkQ_YABo,[MV] LUCY - 히어로(Hero) / Eng Sub
30,소향 - Hello,"우리 헤어지면 안되잖아
우리 이별하긴 이르잖아
이렇게 날 떠나가면 안돼요
내가 하지 못한 말들이
아직 너무 많은데
이대로 날 떠나가지 마세요
그대이기 때문에 난
정말 그대였기 때문에 난
이대로는 이대로는 난 안돼요
내가 살아가는 이유는
오직 그대뿐이죠
제발 나를 떠나가지 말아요
그대는 내 사랑 그리운
내 사랑 날 사랑했던 사람
이제는 만질 수 없지만
내가 그리운 만큼 그대도 그리운가요
내가 미칠 듯이 사랑했던 그 사람
hello
사랑했기 때문에 난
정말 사랑했기 때문에 난
죽을 만큼 죽을 만큼 힘드네요
죽지 못해 살아가고 있는
내가 보이나요
제발 내게 다시 돌아와줘요
그대는 내사랑 그리운 내사랑
날 사랑했던 사람
이제는 만질 수 없지만
내가 그리운 만큼 그대도 그리운가요
내가 미칠 듯이 사랑했던 그 사람
겨우 이대로 끝날 거라면
정말 마지막이라면
지금 돌아가
그때로 서로 몰랐던 그때로
너무 늦어버리면 너무 늦어버리면
내가 살아가는 게 너무 힘이 들어
날 버릴까 봐
정말 이대로 끝날 거라면
이게 마지막이라면
지금 돌아가 그때로
서로 몰랐던 그때로
너무 늦어버리면 너무 늦어버리면
내가 살아가는 게
너무 힘이 들어 날 버릴까 봐",https://www.youtube.com/watch?v=U3mN2aZX7zo,소향(Sohyang) - Hello / Kpop/Lyrics/가사
31,보아 - 아틀란티스 소녀 (Atlantis Princess),"저 먼 바다 끝엔 뭐가 있을까
다른 무언가 세상과는 먼 얘기
구름위로 올라가면 보일까
천사와 나팔부는 아이들
숲속 어디엔가 귀를 대보면
오직 내게만 작게 들려오는 목소리
꿈을 꾸는 듯이 날아가볼까
저기 높은 곳 아무도 없는 세계
그렇게도 많던 질문과
풀리지 못한 나의 수많은 얘기가
돌아보고 서면 언제부턴가
나도 몰래 잊고 있던 나만의 비밀
이제 정말 왜 이래
나 이제 커버린 걸까
이제 정말 뭔가 잃어버린 기억
지금 내맘 이젠 나의
그 작은 소망과
꿈을 잃지 않기를
저 하늘속에 속삭일래
까만 밤하늘에 밝게 빛나던
별들 가운데 나 태어난 곳 있을까
나는 지구인과 다른 곳에서
내려 온 거라 믿고 싶기도 했어
그렇게도 많던 질문과
풀리지 못한 나의 수많은 얘기가
돌아보고 서면 언제 부턴가
나도 몰래 잊고 있던 나만의 비밀
이제 정말 왜 이래
나 이제 커버린 걸까
이제 정말 뭔가 잃어버린 기억
지금 내맘 이젠 나의
그 작은 소망과
꿈을 잃지 않기를
저 하늘속에 속삭일래
왜 이래 나 이제 커버린 걸까
이제 정말 뭔가 잃어버린 기억
지금 내맘 이젠 나의
그 작은 소망과
꿈을 잃지 않기를
저 하늘속에 속삭일래
너무나도 좋은 향기와 바람이
나에게로 다가와
어느샌가 나도 모르게
가만히 들려오는 작은 속삭임
귀를 기울이고 불러보세요
다시 찾게 될 거예요 잊혀진 기억
생각해봐 나 이제
더 이상 놓치진 않아
소중했던 나의 잃어버린 기억
지금 내맘 이젠 나의
그 작은 소망과
꿈을 잃지 않기를
저 하늘 속에 속삭일래
왜 이래 나 이제 커버린 걸까
이제 정말 뭔가 잃어버린 기억
지금 내맘 이젠 나의
그 작은 소망과
꿈을 잃지 않기를
저 하늘속에 기도할래",https://www.youtube.com/watch?v=skbnuIhVQUA,BoA 보아 '아틀란티스 소녀 (Atlantis Princess)' MV
32,볼빨간사춘기 - 우주를 줄게,"커피를 너무 많이 마셨나 봐요
심장이 막 두근대고
잠은 잘 수가 없어요
한참 뒤에 별빛이 내리면
난 다시 잠들 순 없겠죠
지나간 새벽을 다 새면
다시 네 곁에 잠들겠죠
너의 품에 잠든 난 마치
천사가 된 것만 같아요
난 그대 품에
별빛을 쏟아 내리고
은하수를 만들어
어디든 날아가게 할거야
Cause I’m a pilot anywhere
Cause I’m a pilot anywhere
lighting star shooting star
줄게 내 Galaxy
Cause I’m a pilot anywhere
Cause I’m your pilot 네 곁에
저 별을 따 네게만
줄게 my Galaxy
Like a star 내리는 비처럼
반짝이는 널 가지고 싶어
Get ma mind
엄지와 검지만 해도
내 마음을 너무 잘 표현해
붙어 안달 나니까
마냥 떨리기만 한 게 아냐
준비가 되면 쏘아 올린
인공위성처럼
네 주윌 마구 맴돌려 해
더 가까워진다면
네가 가져줄래
이 떨림을
어제는 내가 기분이 참 좋아서
지나간 행성에다가
그대 이름 새겨 놓았죠
한참 뒤에 별빛이 내리면
그 별이 가장 밝게 빛나요
지나간 새벽을 다 새면
다시 네 곁에 잠들겠죠
별빛 아래 잠든 난 마치
온 우주를 가진 것만 같아
난 그대 품에
별빛을 쏟아 내리고
은하수를 만들어
어디든 날아가게 할거야
Cause I’m a pilot anywhere
Cause I’m a pilot anywhere
Lighting star Shooting star
줄게 내 Galaxy
Cause I’m a pilot anywhere
Cause I’m your pilot 네 곁에
저 별을 따 네게만
줄게 my Galaxy
Cause I’m a pilot anywhere
Cause I’m a pilot anywhere
Lighting star Shooting star
줄게 내 Galaxy
Cause I’m a pilot I’m your pilot
Lighting star Shooting star
줄게 my Galaxy
la la la la la la
la la la la la la",https://www.youtube.com/watch?v=9U8uA702xrE,[M/V] 우주를 줄게  - 볼빨간사춘기
33,김세정 - SKYLINE,"난 아직 모르겠어
이 모든 기로에서
How would you know
That I’m thinking about ya
얼만큼 깊어져야
조금씩 알게 될까
Why don’t you know
What I’m keeping inside me
잠들면 너는
저물어 사라지고
어둠이 내려 저 빛을 숨기고
손 닿을 듯 너는
아득히 멀어지면
모든 게 멈춰진 듯해
두 눈에 담긴 SKYLINE 그 찬란
난 눈을 떼지 못해
또 사라지기 전에
멈춰진 SKYLINE 그 찰나
그 안에 담긴 모든 게 더 빛이 나기를
그 모든 게 더 빛이 나기를
그 모든 게 더 빛이 나기를
내 안에 비친 상처가
내 앞을 비추고
그리 멀지 않은 곳에 빛을 따라
손 아래 갇힌 color
그 위로 번진 daylight
잊혀 질 기억에 그대로 머물러줘
잠들면 너는
허물어 사라지고
어둠은 여려진 빛을 삼키고
손 닿을 듯 너는
아득히 멀어지면
모든 게 멈춰진 듯해
두 눈에 담긴 SKYLINE 그 찬란
난 눈을 떼지 못해
또 사라지기 전에
멈춰진 SKYLINE 그 찰나
그 안에 담긴 모든 게 더 빛이 나기를
난 아직 모르겠어
이 모든 기로에서
얼만큼 깊어져야
얼마나 기다려야
언제쯤 알게 될까
두 눈에 담긴 SKYLINE 그 찬란
난 눈을 떼지 못해
또 사라지기 전에
멈춰진 SKYLINE 그 찰나
그 안에 담긴 모든 게 더 빛이 나기를
너만의 오늘에
더 빛이 나는 너의 한마디
나만의 시간엔
어떤 미래도 오르겠어
너만의 오늘에
더 빛이 나는 너의 한마디
나만의 시간엔
그 모든 게 더 빛이 나기를",https://www.youtube.com/watch?v=KtC-YoxpPrU,[ENG SUB] 🎬영화속 한 장면처럼 스카이라인🏙✨ 앞에서 부르는 세정(SEJEONG) - SKYLINE 라이브 [4K] | 수록곡 LIVE | 들을수록 | dingomusic
34,박재범 - 좋아 (JOAH),"Oh baby
너무 좋아서
You’re driving me crazy
니 생각만해도
기분이 좋아
기분이 좋아
기분이 좋아
Na Na Na
Na Na Na
이 느낌
너만 느끼게 할 수 있는
느낌
난 죽을때까지
느끼고 싶어
내 곁에 있어줘
아낄 수 있어
아낄 수 있어
언제나 너만 바라봐
나도 모르게
괜히 웃음이 나와
Oh baby baby baby baby
난 크게 소리
외치고 싶어
좋아
니 모든 것이 좋아
머리부터
발끝까지도
조그만 행동까지
하나 하나
다 좋아
니 모든 것이
좋아
너와 함께라면
즐거워
시간이 지날수록
더 좋아져
난 니가 필요해
매일같이 있게 해달라고
난 기도해
난 오직 너만이와
행복하게 살수가 있어
Break it down now
Come on no no
Ay girl
너와 함께면
하루 하루가
너무 특별해
Stay with me
forever
and ever
baby please
And girl
우리가 운명 아니어도
난 무조건 너야
You know that I got you
You know that I love you
I’ll always be with you baby
언제나 너만 바라봐
나도 모르게
괜히 웃음이 나와
Oh baby baby baby baby
난 크게 소리
외치고 싶어
좋아
니 모든 것이
좋아
머리부터
발끝까지도
조그만 행동까지
하나 하나
다 좋아
니 모든 것이
좋아
너와 함께라면
즐거워
시간이 지날수록
더 좋아져
난 니가 필요해
매일같이 있게 달라고
난 기도해
난 오직 너만이와
행복하게 살수가 있어
난 절대로
떨어지기 싫어
너를 보고 있어도
너무 보고 싶은걸
Huh No No No
내 곁에 항상 있어줘
My girl
I want you
and I need you
don't ever ever leave my side
좋아
니 모든 것이
좋아
머리부터
발끝까지도
조그만 행동까지
하나 하나
다 좋아
니 모든 것이 좋아
너와 함께라면
즐거워
시간이 지날수록
더 좋아져
난 니가 필요해
매일같이 있게 달라고
난 기도해
나 오직 너만이와
행복하게 살수가 있어
No no",https://www.youtube.com/watch?v=rMtCJC39SqU,박재범 Jay Park  '좋아 Joah' [Official Music Video]
