,Unnamed: 0,lyrics
0,백아 - 테두리,"내 내 그 오늘도 오늘도 담을 말이없는 걸 걸
뜸 뜸들을을 그 댈 추억 하오 하오
늦은 늦은 꺼내서 밤 해
누구 누구위한를 사랑 사랑 노래를
꽃 꽃 정든 남방을 쥐고 쥐고
세상 세상 그대에 울리면 난 난
기억 기억 잃고을 태어난 대도 대도
머무르고 머무르고 떼 싶다 써 요 요
빛 빛 테두리에 그리고
주위 주위 맴도를 난
그 그이 달 게 요 요
내 내 무뎌지지 맘은
익숙해지지만 익숙해지지만 주시오
깊어질수록 깊어질수록 운 슬피도 아닌 아닌
부슬비 부슬비 나처럼 테 요 요
빛 빛 테두리에 그리고
주위 주위 맴도를 난 그 그
그 그이 달 게 요 요
나 나 그대의 비록 비록이 될 순 없지만 없지만
감히 감히 없던 그대을 떠올리느니 떠올리느니
사랑 사랑 아니길
어리숙한 어리숙한 정리 마음 못한
어울리지 어울리지 마음 않는
그 그 바라 댈 내 내가 밉소
왜 왜는 나 마저도 마저도 노력하고
깊어진 깊어진 맘 내 초라해지는 걸 걸
내 내 그 오늘도 오늘도 담을 말이없는 걸 걸"
1,"카더가든 - 그날, 우리","가끔 가끔 돼
유난히 유난히
아무 아무 없던 말 말 밤의 우리를를
사라져 사라져 침묵 버린
아니 아니 의도 사실 마지막에에
넌 넌 있었어
혼자서 혼자서 날들
이제 이제 의미 다
아주 아주 떠나 멀리 싶어
아무 아무도 발걸음 않게
아주 아주 떠나 멀리있어
너 너 만났던를 때 그대로 그대로
언제 언제 였을까
하루 하루지나
더 더 곳 깊은 가두려 했었지 했었지
외로운 외로운 일상 내에
조금 조금 바랬어
긴 긴 끝이길 한숨도
혼자서 혼자서 날들
멀리서 멀리서 기억
이젠 이젠 의미 다 봐
아주 아주 떠나 멀리 싶어
아무 아무도 발걸음 않게
아주 아주 떠나 멀리있어
너 너 만났던를 때 그대로 그대로
조금씩 조금씩 무너져만 무너지고
아물 아물 상처은은로 스며든 위로로
모든 모든 흩어져 게 오늘이이
믿기지 믿기지 네 않아 없어진 하루 하루
너 너 어땠는지는 싶어
이런 이런가 내 보인대도
너 너 아무렇지는 걸까
멀어져 멀어져 버린가 일까"
2,이고도 - Mouse,"여기요
긴 긴 요 고에
숨죽여 숨죽여 법있는 알고 알고 있지 않니
그 그을 방법에게도에게도 알려 줘
때 때되면가 모두
어디론가 어디론가 거잖아
난 난 분주 어쩌면 사람들 사람들 틈에
더 더있는 가만히을 배웠어 배웠어
오, 나는 죽은 척해야합니다
나는이 도시에있다
그리고 나는 밤을 겪고있다
오, 나는 숨을 참아야합니다
나는 사랑을 찾을 것이다
여기에서 살아남을 수있는 방법을 찾으십시오
모두 모두
지나가고
난 난에야 후 후를내어 소릴 내 내
안길 안길없는 품에는
얼룩이 얼룩이
때 때되면가 모두
어디론가 어디론가 거잖아
난 난 분주 어쩌면 사람들 사람들 틈에
더 더있는 가만히을 배웠어 배웠어
오, 나는 죽은 척해야합니다
나는이 도시에있다
그리고 나는 밤을 겪고있다
오, 나는 숨을 참아야합니다
나는 사랑을 찾을 것이다
여기에서 살아남을 수있는 방법을 찾으십시오
오, 나는 죽은 척해야합니다
나는이 도시에있다
그리고 나는 밤을 겪고있다
오, 나는 숨을 참아야합니다
나는 사랑을 찾을 것이다
여기에서 살아남을 수있는 방법을 찾으십시오
나 나 왜는 견디질 못해 못해
삐끗하다간 삐끗하다간 크게 더 텐 데 데
저길 저길 그림자 봐 흔들리잖아"
3,박소은 - 너는 나의 문학,"너 너 어느는없는
소설가 소설가 문학의 문장
아니 아니 부족 그걸론
너 너 어느는없는
소설가 소설가 마지막의
안 안 이것 돼 부족한데한데
너 너 나는 수레바퀴 아래서 아래서
너 너 나는는 호밀 밭의 파수꾼 파수꾼
너 너 나는 헤밍웨이 요조 요조
나 나 너는는 나는 너를를
계속 계속 싶어
닳아 닳아 때 없어질
계속 계속 싶어
해져 해져 때 찢어질
계속 계속 싶어
닳아 닳아 때 없어질
계속 계속 싶어
해져 해져 때 찢어질
너 너 말의 시가되어되어
텅 텅 책 빈 받아 적히고 적히고
그걸 그걸 들고
다닐 다닐 야
너 너 노랜의이되어되어
내 내 속 눈 깊이 박히고 박히고
모두 모두를 너 될 될 거 야
너 너 나는 노르웨이 노르웨이의 숲
너 너 나는 데미안
너 너 나는는 설명 할 수없는 책 책
나 나 너는는 나는 너를를
계속 계속 싶어
닳아 닳아 때 없어질
계속 계속 싶어
해져 해져 때 찢어질
계속 계속 싶어
닳아 닳아 때 없어질
계속 계속 싶어
해져 해져 때 찢어질
계속 계속 싶어
달 달 넘어갈이까지
계속 계속 싶어
해 해 떨어질가까지
너 너 나는는 너는 나의 책 책
너 너 나는는 너는 나의 문학 문학
너 너 나는 마지막 문장 문장
너 너 나는는 너는 내 첫 문장 문장"
4,이강승 - 사랑이 너무 헤퍼,"사랑 사랑 너무이이 그 말을 못 했네 했네
말라붙은 말라붙은에 입은 아니고 아니고
스쳐진 스쳐진에 옷깃 인연이었는데이었는데
떠나가 떠나가 난 버리면해야 해 해
풀어진 풀어진 한가운데 마음 게
사랑 사랑 웃지이라이라 너는 바보일 거 야 야
얘길 얘길 내해도이 헤퍼 헤퍼
그게 그게 무시 어리석다
다들 다들 할 기억 야
사랑 사랑 아픈에에이 오늘을 덮칠 때 때
어쩔 어쩔 몰라서 줄 발걸음
가만히 가만히 이상보다 주변 주변을 살피니
겁 겁 먹은을을 나뿐이 아니네 아니네
풀어진 풀어진 한가운데 마음 게
사랑 사랑 웃지이라이라 너는 바보일 거 야 야
얘길 얘길 내해도이 헤퍼 헤퍼
그게 그게 무시 어리석다
다들 다들 할 기억 야
나는 당신이 당신을 더 많이 필요로합니다
당신이 거기에 있다면 당신은 내가 당신을 사랑한다는 것을 압니다
나는 당신이 당신을 더 많이 필요로합니다
당신이 거기에 있다면 당신은 내가 당신을 사랑한다는 것을 압니다
풀어진 풀어진 한가운데 마음 게
사랑 사랑 웃지이라이라 너는 바보일 거 야 야
얘길 얘길 내해도이 헤퍼 헤퍼
그게 그게 무시 어리석다
다들 다들 할 기억 야
나는 당신이 당신을 더 많이 필요로합니다
당신이 거기에 있다면 당신은 내가 당신을 사랑한다는 것을 압니다
나는 당신이 당신을 더 많이 필요로합니다
당신이 거기에 있다면 당신은 내가 당신을 사랑한다는 것을 압니다"
5,김새녘 - 의심,"날 날 전 버리기
다시금 다시금 요
싫었던 싫었던을
한없이 한없이
당신 당신 거짓말의 말 말에도
미워 미워 않았어
아직 아직 더 날
감당 감당 수 할 것 같은 같은
내 내 이해 진심을 줘
지나친 지나친은
아련히 아련히
그 그 날 어떤
아픈 아픈 그때 건 텐 데 데
마지막 마지막 모습 그대의
미워 미워 수 할
아직 아직 마음 난
다 다 잊을 버리고없는
기억 기억을 속 요
거짓말
아직 아직
거짓말"
6,콜드 - 아무도 모르는 노래,"나 나 스쳐를 그대
내 내을 말 줘
걸음 걸음 멈추고
내 내 들어 노랠
그래 그래
텅 텅 거리 빈 불
날 날 비추면
무대 무대 시작를
나 나 여기 홀로
그래 그래
축 축 고개들 처진
비틀 비틀는 거리
그렇게 그렇게는 나이 돼 돼
아무도 아무도 아무도 예
노래 노래 부르며 예
텅 텅 거리 빈
채우는 채우는
난 난을 꿈
늘 늘을 꿈 꿈 예
아무도 아무도
노래 노래 부를래
지나가는 지나가는의
마음 마음 붙잡을을 있길 바라며 바라며"
7,위수 - 교토,"이상 이상 만치 하리 하리 하늘 아래에 서서 서서
너 너 안고를
가진 가진이 것 것 것도 없지만
너 너 늘에게 해 해주고 싶어
살아야지
나 나 살아는에게
니가 니가 싶은 살고되어 줘야지 줘야지
험난 험난 세상 한
너 너 언제는 나
나 나 마음의 영원 영원 한 교토
언젠가 언젠가의 너을 잡고 잡고
다시 다시에 이곳 수 있을까 있을까
가진 가진이 것 것 것도 없어서
너 너는에게 말 못하고 못하고
그저 그저 수 안아줄 없어
슬픈 슬픈을 꿈 일어난 일어난 것처럼
너 너 잊어야만를 날이이
오지 오지를
슬픈 슬픈을 꿈 일어난 일어난 것처럼
너 너 잊어야만를 날이이
오지 오지를
살아야지
나 나 살아는에게
니가 니가 싶은 살고되어 줘야지 줘야지
험난 험난 세상 한
너 너 언제는 나
나 나 마음의 영원 영원 한 교토"
8,리도어 - 사랑의 미학,"미리 미리
조금 조금 아팠을까
내 내를 하루 줄 줄 일기장에는
또 또을 무엇
부풀린 부풀린에 사랑 요
뒷걸음치는 뒷걸음치는 모습 내 요
내 내 나가 괴롭혔네 요 요
어둠이 어둠이 난 떨어져도
풍선 풍선 매달린에
해 해 떠오른다면
옅어진 옅어진를 우리 거예요예요
꽃잎은 꽃잎은해도
부풀린 부풀린에 사랑 요
뒷걸음치는 뒷걸음치는 모습 내 요
내 내 나가 괴롭혔네 요 요
어둠이 어둠이 난 떨어져도
떠내려간 떠내려간이 마음없이없이 찾아와 요
사라진 사라진 만 흔적한데
부풀린 부풀린에 사랑 요
뒷걸음치는 뒷걸음치는 모습 내 요
내 내 나가 괴롭혔네 요 요
그늘이 그늘이 난 떨어져도
난 난 번 세 빙글 돌아요 돌아요
어지러운 어지러운은 세상 요
사랑 사랑 말이란 몰라 요 요
후회 후회 삼켜봐야를 겠어 요 요"
9,Off the menu - Sunshine,"너 너 웃음의는
나 나들을 만있어서있어서 너무 좋아
너 너 나와는 닮아서
내 내 것 모든 모든 안 엔 네가있어있어
늦은 늦은 집 밤 돌아갈 때 때
벌써 벌써 얼굴 네 떠올라
아쉬움 아쉬움 네게에에 또 전화를 걸어 걸어
너 너 행운라는 있다는 게 게
어떤 어떤 그려지지가 단어로도
내가 당신의 마음을 찾을 때마다
내 내 내 속 마음 네가가 깊게 자리 잡고있어있어
나는 당신의 작은 손을 잡을 때마다
꽉 꽉 꽉이 잡은 손을을 꼭 놓지 않을 게 게
당신을 위한
당신을 위해
너 너 한에게 다가갈게
조금 조금어도 서툴 닿을테니까테니까
모른척 모른척 말아하지
투명 투명 세상 한 한 유일 한 선물은 너야 너야
내가 당신의 마음을 찾을 때마다
내 내 내 속 마음 네가가 깊게 자리 잡고있어있어
나는 당신의 작은 손을 잡을 때마다
꽉 꽉 꽉이 잡은 손을을 꼭 놓지 않을 게 게
당신을 위한
내가 당신의 마음을 찾을 때마다
나는 당신의 작은 손을 잡을 때마다"
10,백예린 - Antifreeze,"우린 우린부터 오래전 오래전 수없는 거 였어 였어
우주 우주을 속 떠돌며 떠돌며 많이 외로워하다가
어느 어느 태양과 순간 순간이 겹치게 될 때면면
모든 모든을 것 것 할 수있을 거 야 야

하늘 하늘 비 에선 내렸어
뼈 뼈까지 속 젖었어
얼마 얼마 비있다 그쳤어
대신 대신 내리더니
영화서도 영화서도 수 볼 볼 눈 보라가 불 때 때
너 너 내는 처음 처음 봤던 눈동자야

낯익은 낯익은이 거리들처럼 반짝여도 반짝여도
니가 니가주는 건네 건네 위에 살얼음이 떠도 떠도
우리 우리 얼어붙지 둘은 거 야 야
바다 바다 모래 속의 녹일 녹일 거 야
춤 춤 추며을을 이랑 싸울 거 야 야
얼어붙은 얼어붙은 도시 아스팔트로

숨이 숨이 거 막힐 막힐 차가웠던 공기 속에에
너 너 체온의의 내 게 스며들어오고있어있어
우리 우리 얼어붙지 둘은 거 야 야
바다 바다 모래 속의 녹일 녹일 거 야
춤 춤 추며을을 이랑 싸울 거 야 야
얼어붙은 얼어붙은 도시 아스팔트로


너 너 나와와 세대가 마지막이면 어떡 해 해
또 또 빙하기 다른 찾아오면 찾아오면 어떡 해
긴 긴에 세월 세월 않을 그런 사랑은 없겠지만 없겠지만
그 그 그을 사랑 그런 사람 사람을 찾는 거 야 야
긴 긴에 세월 세월 않을 그런 사랑은 없겠지만 없겠지만
그 그 그을 사랑 그런 사람 사람을 찾는 거 야 야

긴 긴에 세월 세월 않을 그런 사랑은 없겠지만 없겠지만
그 그 그을 사랑 그런 사람 사람을 찾는 거 야 야
긴 긴에 세월 세월 않을 그런 사랑은 없겠지만 없겠지만
그 그 그을 사랑 그런 사람 사람을 찾는 거 야 야"
11,나이트오프 - 잠,"점점 점점 골목 좁아지던
막힌 막힌에 끝
외투 외투의 위를를 털다 웃었어
벽 벽 기대어에 짐을 내려놓으니 내려놓으니
한 한의 줌이이 그토록 무거웠구나
탓 탓 무언가 할 애써 떠올려봐도 떠올려봐도
오직 오직의 나만뿐 이었네 이었네
나 나 누우면 조금 될까
잠깐 잠깐 안 잠들면
날도 날도
아무도 아무도
나 나 누우면 조금 될까
이대로 이대로 안 잠들면
따뜻한 따뜻한 속 꿈
조금 조금 올 쉬고 야
많은 많은 달라지고
변하고 변하고 가고
애써 애써 온 감춰의의 지친 마음도
더 더 필요는 자존심 자존심을 내려놓으니
이젠 이젠 자신 나 가엾어 가엾어해도 되겠지
탓 탓 무언가 할 애써 떠올려봐도 떠올려봐도
오직 오직의 나만뿐 이었네 이었네
나 나 누우면 조금 될까
잠깐 잠깐 안 잠들면
날도 날도
아무도 아무도
나 나 누우면 조금 될까
이대로 이대로 안 잠들면
따뜻한 따뜻한 속 꿈
못다한 못다한와 악수를 나누며 나누며
이제 이제 뭘와 고
웃으며 웃으며
모두 모두 싶다
나 나 누우면 조금 될까
잠깐 잠깐 안 잠들면
날도 날도
아무도 아무도
나 나 누우면 조금 될까
이대로 이대로 안 잠들면
따뜻한 따뜻한 속 꿈
조금 조금 올 쉬고 야"
12,이희상 - 애열,"걱정 걱정 마
우린 우린 할 영원
네 네에 곁
언제나 언제나 같아
사라지지마
서로 서로 미워진대도
네 네에 옆
언제나 언제나이야
결국 결국 변하고야 우린
금세 금세은 사랑 잊혀져가고
영원 영원 거 할 말 말에 끄덕이던
그 그 우리 시절 시절 감정은 떠나가고 어디에에
떠내려가네 떠내려가네 사랑
내 내에 곁 줘
그대가 그대가
기억 기억 거 할 영원히
모든 모든 잊혀진대도
결국 결국 변하고야 우린
금세 금세은 사랑 잊혀져가고
영원 영원 거 할 말 말에 끄덕이던
그 그 우리 시절 시절 감정은 떠나가고 어디에에
떠내려가네 떠내려가네 사랑
내 내에 곁 줘
그대가 그대가
기억 기억 거 할 영원히
모든 모든 잊혀진대도"
13,혁오 - Love Ya!,"두려워하지 마세요
우리 담요를 차기 풍선 만듭니다
내부에 숨어 있습니다
나는 내 사랑을 당신의 입술에 날려 버릴 것입니다
이 조용한 순간을 사랑하십시오
당신은 누굴 구할 것입니까
최고의 친구라면
그리고 나는 익사하고있다
친구를 구할 것입니다
당신은 스님 물개와 같기 때문입니다
그리고 당신은 물었다
사랑해요
당신은 나를 얼마나 사랑할 수 있습니까?
emm 그냥
천 단어없이
그리고 나는 말할 것입니다
나는 사랑해 사랑해
나는 사랑해 사랑해
두려워하지 마세요
당신의 작은 지점을 숨기십시오
내 반지 손가락으로
이름을 넣으겠습니다
당신의 각각
모든 머리카락
이 조용한 순간을 사랑하십시오
당신은 누굴 구할 것입니까
최고의 친구라면
그리고 나는 익사하고있다
친구를 구할 것입니다
당신은 스님 물개와 같기 때문입니다
당신은 나와 같습니다
그리고 나는 당신과 같습니다
지금 생각하는 것
항상 나와 동일합니다
그래서 내가 사랑에 빠진 이유입니다
나는 사랑해 사랑해
나는 사랑해 사랑해
나는 사랑해 사랑해
나는 사랑해 사랑해
나는 사랑해 사랑해
나는 사랑해"
14,검정치마 - 나랑 아니면,"야 야 놀자 나랑까지
함께 함께 치면서
나랑 나랑 너 마셔 나의의
몸 몸 녹아이
나랑 나랑 저 걷자까지
가다 가다 누우면
나랑 나랑 두 자자 꼭 감고 감고
나랑 나랑 맞추자
나랑 나랑 누구 아니면
사랑 사랑 수 할
나랑 나랑 어디 아니면
자랑 자랑 수 할
나랑 나랑
야 야 놀자 나랑 가지 말고 말고
그리울 그리울 없도록
나랑 나랑 아주 살자
우리 우리 살자
나랑 나랑 누구 아니면
사랑 사랑 수 할
나랑 나랑 어디 아니면
자랑 자랑 수 할
나랑 나랑
아무렇지 아무렇지 넌 않게 게 게 말 했지
날 날 죽을 위해 위해 죽일 수도있다 고 고
알아 알아도 나
같은 같은이야이야 베이비
아마도 아마도 오래
아주 아주 함께 오래 거 야 야"
15,N@di - 편지,"달 달 뜰이
두 두 지나고 밤
우리 우리 하자던
약속 약속 두 있고이이지나 요
우리 우리 다 둘 쓰러진 쓰러진 날 엔
작은 작은에서 눈밭 또 웃다가 웃다가
내일 내일 않아서 같지 요
아 아
우산 우산 막이 날에는에는
바깥 바깥 풍경의
나 나 재우는를를 방안을 다 적시지만 적시지만
나 나 나 아직는입니다 채 채 말을 다 못한 못한
눈물들로 눈물들로 그대 함께 안고 안고 싶어 요
아아 아아 해 사랑
느리던 느리던을 밤 웃고
그렇게 그렇게 저녁들 잠드는지나
우리 우리 해 기억 지난날들 지난날들까지도
사랑 사랑 걸 인 인 나에게와 줘 요 요
아아 아아 해 사랑
느리던 느리던을
같이 같이 그렇게 웃고 저녁들 저녁들을지나
우리 우리 해 기억 지난날들 지난날들까지도
사랑 사랑 걸 인 인 나에게와 줘 요 요"
16,"다섯 - ,","하나! 셋! 둘!넷! 다섯!

다섯 다섯
아기 아기
연못 연못 놀러에 요.
엄마 엄마
꽥, 꽥, 꽥, 꽥
네 네 만 오리 왔어 요 요.

하나! 셋! 둘!넷!

네마리
아기 아기.
연못 연못 놀러에 요.
엄마 엄마.
꽥, 꽥, 꽥, 꽥
세 세 만 오리 왔어 요 요.

하나! 셋! 둘!

세 세
아기 아기
연못 연못 놀러에 요
엄마 엄마
꽥, 꽥, 꽥, 꽥
두 두 만 오리 왔어 요 요.

하나! 둘!

두 두
아기 아기
연못 연못 놀러에 요
엄마 엄마
꽥, 꽥, 꽥, 꽥
한 한 만 오리 왔어 요 요.
하나!

한마리
아기 아기
연못 연못 놀러에 요
엄마 엄마
꽥, 꽥, 꽥, 꽥
아무도 아무도 않아 돌아오지.

엄마 엄마
펑펑 펑펑 요
아기 아기 사라 오리 요
아빠 아빠
꽥, 꽥, 꽥, 꽥
다섯 다섯 돌아 오리 요"
17,정우물 - blue,"순수 순수 그 했었던 엔
어떤 어떤 만 색깔 특별했던했던
그런 그런를 나 참 참 슬퍼 요
외로움도 외로움도 그 많았던
지금 지금 해 생각 순진했고했고
그런 그런를 나 참 참 슬퍼 요
서서히 서서히는 나
아무도 아무도 조용히 모르게
처음 처음 그 헤어졌었던도
점점 점점 가며 무뎌져없는
그런 그런를 나 참 참 슬퍼 요
서서히 서서히는 나
아무도 아무도 조용히 모르게
서서히 서서히를 나 주면
다시 다시 나 밝게비추는 보며 웃고 웃고"
18,wave to earth - seasons,"나는 당신의 사랑이 될 수 없습니다
지금 당신에게는 너무 사소한 것 같습니다
오, 내 인생은 무너지고 있습니다
내가 사라지면 아무도 알지 못할 것입니다
그러나 나는 항상 당신을 위해기도 할 것입니다
내가 당신 옆에있을 수 있다면
내 시즌 내 평생을 줄 것입니다
나는 당신의 사랑이 될 수 없습니다
당신의 삶을 망칠 까봐 두려워
잎이 시들어 버렸을 때
그리고 다시 자랐습니다. 당신은 멀리갔습니다
나는 데이지를 밀어 올릴 것이다
그리고 여기에 모든 기회를 가져 오십시오
그러나 나는 항상 당신을 위해기도 할 것입니다
내가 당신 옆에있을 수 있다면
내 시즌 내 평생을 줄 것입니다
당신 옆에 나는 당신의 계절이 될 것입니다
나의 사랑"
19,The 1975 - About You,"나는 장소를 알고있다
내가가는 곳입니다
당신의 얼굴을 기억해야 할 때
우리는 머리 속에서 결혼합니다
우리가 시도하는 동안해야 할 일
우리가 어떻게 만났는지 기억하십시오
내가 잊어 버린 것 같아?
내가 잊어 버린 것 같아?
내가 잊었다고 생각하니?
당신에 대해?
당신과 나 (놓지 마)
우리는 살아있다 (놓지 마)
할 수있는 일은없이 할 수 있습니다
누워서 눈을 바라보세요
잠깐 (놓지 마)
그리고 척하십시오 (놓지 마십시오)
붙잡고 희망합니다
우리는 결국 우리의 길을 찾을 것입니다
내가 잊어 버린 것 같아?
내가 잊혀진 것 같아?
내가 잊었다고 생각하니?
당신에 대해?
내가 잊혀진 것 같아?
내가 잊어 버린 것 같아?
내가 잊었다고 생각하니?
당신에 대해?
당신에 대해 뭔가가있었습니다
지금은 기억할 수 없습니다
그것은 똑같은 빌어 먹을 것입니다
내 마음이 항복했다
그리고 기차에서 당신을 그리워 할게요
아침에 당신이 그리워요
나는 무엇에 대해 생각 해야할지 전혀 모른다
나는 당신에 대해 생각합니다
당신에 대해
당신은 생각하십니까?
나는 당신에 대해 잊었습니까?
당신에 대해
당신에 대해
당신은 생각하십니까?
나는 당신에 대해 잊었습니까?
당신에 대해"
20,예빛 - 소낙비,"하얀 하얀이 꽃 날 엔 엔
어김없이 어김없이를 나 요
이이도 밤 밤 달도지는 날 엔 엔
맘 맘 자꾸이로가요가요
훗날 훗날 비 궂은 내려와도
나 나 그는에에있어 요
아무도 아무도 않는 찾지에서
멍하니 멍하니 만 하늘 요
훗날 훗날 비 검은 내려와도
내 내 절대 맘 않아 요 요
아무도 아무도 않는 찾지를 따라 따라
애꿎은 애꿎은 만 비"
21,cosmic boy - 겨울(feat.선우정아&유라),"영화 영화 지나가처럼 요
그렇게 그렇게에 순식간 순식간 해가 끝나가 요 요
1 숫자 숫자 그 안에에
온갖 온갖이
끝 끝 시작과 맞아 요 요
모두 모두 함께 다이에요
내 내 바랬던가
하지만하지만 이루어진 안
차가운 차가운 속 공기 후후 불어 불어
날려 날려 뭐
얼어붙은 얼어붙은에 손을 담아서 담아서
자그만 자그만라도 온기
예쁘게 예쁘게 뭐
어쩌겠어 어쩌겠어
이상 이상 이렇게 해
다 다 것 괜찮을 기분
그림 그림 그릴래
하얗게 하얗게 추억 덮인에
또다른 또다른을
마음 마음
사랑 사랑
나 나 소리의 소음
아픔 아픔 누아르
이속 이속 날에서 뜯는
무언 무언 미련가는
나 나 말고 묻지
우리 우리 풍석는 파도야
때로 때로 선물는 한 소음 소음
그땐 그땐 몰랐을까 왜
사랑 사랑 말했다 주오
미워 미워 말했다 주오
미소 미소있는 짓고
그냥 그냥두고 흐르게 안녕
나 나 소리의 소음
나 나 소리의 소음
이속 이속 날에서 무언가는가는
초조 초조 불안 한 건
차가운 차가운 속 공기 후후 불어 불어
날려 날려 뭐
얼어붙은 얼어붙은에 손을 담아서 담아서
자그만 자그만라도 온기
예쁘게 예쁘게 뭐
어쩌겠어 어쩌겠어
이상 이상 이렇게 해
다 다 것 괜찮을 기분
그림 그림 그릴래
하얗게 하얗게 추억 덮인에
또다른 또다른을
마음 마음
사랑 사랑
영화 영화 지나가처럼 요
그렇게 그렇게에 순식간 순식간 해가 끝나가 요 요
1 숫자 숫자 그 안에에
온갖 온갖이
끝 끝 시작과 맞아 요 요
모두 모두 함께 다이에요"
22,브로콜리너마저 - 이웃에 방해가 되지 않는 선에서,"친구 친구 내가 말 말을 했죠
기분 기분 알겠지만은 고
음악 음악 줄일 좀 없냐 고 고
네 네 차라리 그러면 요
그래 그래있어 알고 한 걸 걸
걱정 걱정 건 끼치는도도 참 싫어서
슬픈 슬픈 부르면서
혼자서 혼자서 자정 달리는 공원
그 그 날 여름 여름 가로등 그 불빛 아래 아래
잊을 잊을없는 수도을 춰 춰
귓가 귓가 울리는를의의 목소리에
믿을 믿을없는 수도을 꿔 꿔
이제 이제 늦은는 방 방 한구석에서
헤드폰 헤드폰 쓰고을을 춰 춰
귓가 귓가 울리는를 음악 음악 속에
난 난 수도 울 춤 춤을 춰
내일 내일 출근은하고
주변 주변 이웃들의 자야 자야 할 시간
벽 벽 쳤다간을 테고
갑자기 갑자기 버릴 떠나 없어
그래 그래있어 알고 한 걸 걸
걱정 걱정 건 끼치는도도 참 싫어서
슬픈 슬픈 부르면서
혼자서 혼자서 자정 달리는 공원
그 그 날 여름 여름 가로등 그 불빛 아래 아래
잊을 잊을없는 수도을 춰 춰
귓가 귓가 울리는를의의 목소리에
믿을 믿을없는 수도을 꿔 꿔
이제 이제 늦은는 방 방 한구석에서
헤드폰 헤드폰 쓰고을을 춰 춰
귓가 귓가 울리는를 음악 음악 속에
난 난 수도 울 춤 춤을 춰"
23,카더가든 - 꿈을 꿨어요,"할 할 없던 수 수 기대어 숨던 곳을을
나 나에서 오늘 돌아봐 요 요
낮은 낮은 위 천장 천장 열어본 둘의 소원 소원
그때 그때 난도가 가여웠을까 가여웠을까
멀어진 멀어진 되돌아갈 품 없지만
나 나 볼는있어 요 요
서러움 서러움 그저 반은 아니었던 아니었던
꿈 꿈 꿨어을
몰래 몰래 나온 빠져 위 위로 뉘어진
네온 네온 난 사이을을 췄어 요
엄마 엄마 그의의 기억하고 있단 게 게
알아 알아 이젠 요 요 선명 한 것을을
멀어진 멀어진 되돌아갈 품 없지만
나 나 볼는있어 요 요
서러움 서러움 그저 반은 아니었던 아니었던
꿈 꿈 꿨어을
잊어 잊어 잃어버린다는 가고
난 난 느낄 나누어 있고
머물 머물 없어 수가 수가 내려 운 것은은
지금 지금 됐기이"
24,참솜 - 명왕성,"우린 우린 헤어지는 만나고이 많았지 많았지
그땐 그땐 멀어질 이대로 모른 채 채
이끌림 이끌림 따른에에 떨림 속에 만 만
헛 헛 꿈 된 꾸고 말았지 말았지
멀어진 멀어진 작은 넌
사라져 사라져 가버려
너 너 기억라는 남지 남지 못한 채
오늘 오늘 밤은 따라 기네
우린 우린의 서로 서로을 다 세지 못했지 못했지
검은 검은의 하늘 별들이 그렇듯 그렇듯
설렘 설렘 잦은과 속 속에 난
당치 당치 꿈 않는 잠겨 살았지 살았지
멀어진 멀어진 작은 넌
사라져 사라져 가버려
너 너 기억라는 남지 남지 못한 채
오늘 오늘 밤은 따라 기네
아 아 건
멀어져 멀어져 가버려
너 너 기억라는 붙잡지 붙잡지 못한 채
오늘 오늘 밤은 따라 기네"
25,김수영 - 비워내려고 합니다,"날 날 하겠대 사랑
내 내하는가가 든 다 너무 좋대 좋대
서서히 서서히 너 나 빠져 드는데 드는데
나란히 나란히 건 걸었던 봐
이렇게 이렇게 내도 넌 넌 궁금 해
다 다 해 말
내 내 원가가 거 같이 느끼고 싶대 싶대
그런 그런에 말들 서서히 서서히 빠져 드는데
너 너 아니었나는
오 오인가 사랑
이번 이번 진짜야
그렇게 그렇게
이렇게 이렇게 혼자 아픈데 한대
나 나 또는
아픈 아픈을 사랑 내려고합니다합니다
나 나 바라보겠대 만
내 내 원가가 거 다 해 주겠대 주겠대
서서히 서서히 너 나 다가가는데
자꾸만 자꾸만 멀리 넌 봐
이렇게 이렇게 내 또 넌 넌 궁금 해
다 다 해 말
내 내 원가가 거 같이 느끼고 싶대 싶대
그런 그런에 말들 서서히 서서히 빠져 드는데
너 너 아니었나는
오 오인가 사랑
이번 이번 진짜야
그렇게 그렇게
이렇게 이렇게 혼자 아픈데 한대
나 나 또는
아픈 아픈을 사랑 내려고합니다합니다"
26,BMK - 꽃피는 봄이 오면,"꽃피는 꽃피는 이오면

니가 니가 그 떠난
내 내은 눈물 수 수 없나 봐
얼어붙고 얼어붙고
다시 다시 눈물 흐른에
널 널 내 잃은에
세상이 세상이
날 날 선이이 날 할 퀴어도어도
뿌리 뿌리 사랑 깊은
이젠 이젠 낼 떼어 없나 봐 봐
처음 처음 넌부터 몸과과
한 한이었던 몸처럼
그 그 사랑 어떤 꿈 꿈도 못꾸고
이내 이내 그리고 널 원하고하고
난 난 이름 니 부르짖는데
다시 다시
네 네 내가으로 올까 올까
믿을 믿을 없는데
믿어 믿어 우린 주면 사랑 한 한
지난 지난처럼 날하게 될까 될까
그 그의 때과 똑같을까 똑같을까
계절 계절 돌고처럼
다시 다시 피는 꽃이 오면 오면
기다리는 기다리는
사랑 사랑 할 말곤 없나 봐 봐
그 그 고단한지
가늠도 가늠도 나
왜 왜 보내느냐 못
오 오 우냐 왜
자꾸 자꾸 꾸짖고 날 탓하고하고
또 또 난 그래도를 못잊어 못잊어
다시 다시
네 네 내가으로 올까 올까
믿을 믿을 없는데
믿어 믿어 우린 주면 사랑 한 한
지난 지난처럼 날하게 될까 될까
그 그의 때과 똑같을까 똑같을까
계절 계절 돌고처럼
다시 다시 피는 꽃이 오면 오면
참 참 삶 모질었던
늘 늘했던 황폐이지만
그래도 그래도있어 너
널 널도 이렇게
견딜 견딜없는 수가
나 나 때 그 그 나 그 날의의
내 내이 모습
시간 시간 속아
다른 다른 허락 누굴
다른 다른가 누군
기대 기대 묻고 서로 고해도해도
날 날 해 기억 한 한 순간이지만
우리 우리 사랑가 걸
너 너 나눈와은 참 참
삶 삶 짧지만
내 내 속 추억 사는 사는 사랑은
영원 영원
꼭 꼭 같아 찰나했던
그 그은"
27,언니네 이발관 - 가장 보통의 존재,"-의의 보통 존재 -

관심 관심 애처로을 떠나 보내고 보내고
내 내 온가가 에선 연락이 온지 온지
너무 너무 되었지
아무도 아무도 않고
어떤 어떤도 일
않을 않을을 것
살아온 살아온가 내 속삭 였지 였지
나 나 모르게
이런 이런 큰일 이런
너 너 마음를 둔게
당신 당신 애처로을 떠나 보내고 보내고
그대의 그대의 에선 별이 온지 온지
너무 너무 되었지
너 너 내는는 흘린만큼의 눈물 눈물
나 나 니가는만큼만큼의 웃음
무슨 무슨 하긴
다 다 따라 길 마련이지만이지만
그래도 그래도 손 먼저 주길
나 나 바랬지
나에겐 나에겐 너무나 넌 길
너 너 난에게 빛
이이에서 곳 연락도
없는없는을 곳 보았지
이런 이런 큰일 이런
너 너 마음를 둔게
평범한 평범한으로 신분 보내져
보통 보통 존재의 살아온지도지도
이젠 이젠 되었지
그동안 그동안 다니며
만난 만난 사람들
다가 다가 내와
손 손 주었지
나 나 모른채
나 나 넌에게 별빛
너 너 난에게 길
이곳 이곳 우린에서
않을 않을을 것 했었지
이런 이런 큰일 이런
너 너 마음를 둔게
이런 이런 큰일 이런
나 나 너를 준게
나 나 넌에게 먼 길 길
너 너 난에게 빛
언제 언제 너 였나
영원히 영원히 속 꿈 떠나 버렸지 버렸지
나 나 보통는 존재
어디 어디 흔하지
당신 당신 기억의에
남겨질 남겨질 없었지
가장 가장의 보통
별로별로 없지
나 나 부르는를
들려 들려 않았지"
28,"자우림 - 스물다섯, 스물하나","바람 바람 날려에에이지는 계절 엔 엔
아직도 아직도 아직도의 너을 잡은 잡은 듯 그런 듯 해 해
그때 그때 아직는이이 아름다운 걸
지금 지금 사무치게처럼 못 했어 했어
우 우의 너 너가 바람에 실려 오네 오네
우 우 할 영원 알았던
스물 스물 스물 다섯
그 그의 날 날는 퍽 다정 했었지 했었지
아직도 아직도 아직도의 나에 잡힐 잡힐 듯 그런 듯 해 해
부서지는 부서지는 속 햇살 햇살 너와 내가있어있어
가슴 가슴 행복 시리도록 꿈 꿈을 꾸었지
우 우의 그날 그날가 바람에 실려 오네 오네
우 우 할 영원 알았던
지난날 지난날 너의 나
너 너 목소리의의 너의 눈동자도도
애틋 애틋 너하던 체온 체온 마저도
기억 기억 내면 해 멀어져 가는데 가는데
흩어지는 흩어지는 붙잡을 널 없어
바람 바람 날려에에이지는 계절 엔 엔
아직도 아직도 아직도의 너을 잡은 잡은 듯 그런 듯 해 해
그때 그때 아직는가가 아름다운 걸
지금 지금 사무치게처럼 못 했어 했어
우 우의 너 너가 바람에 실려 오네 오네
우 우 할 영원 알았던
스물 스물 스물 다섯
우 우의 그날 그날가 바람에 실려 오네 오네
우 우 할 영원 알았던
지난날 지난날 너의 나
우
우
우 우 할 영원 알았던
스물 스물 스물 다섯
스물 스물 스물 다섯"
29,가을방학 - 가끔 미치도록 네가 안고 싶어 질때가 있어,"만약 만약 두이라는
오늘 오늘 맘 내 무너 뜨렸어 뜨렸어
어쩜 어쩜
웃으며 웃으며 만날 다시있어
그렇지 그렇지
음악 음악 듣고을을 읽고 읽고
영화 영화보고를을 만나고 만나고
우습 우습
예전 예전 미처 엔 못했던
생각도 생각도하게 많이
넌 넌 아프게 날 사람 사람이 아냐
수 수 많은없이 속을을
반짝 반짝있어이고 고마웠어
아무도 아무도 할 이해없는없는 얘기 겠지만
그렇지만 그렇지만 미치도록 가끔가
안고 안고 때 싶어질있어
너 너 사람 같은 너 너 밖에 없었어
마음 마음 곳 둘 둘없는이 세상 속에에

넌 넌 아프게 날 사람 사람이 아냐
수 수 많은없이 속을을
반짝 반짝있어이고 고마웠어
아무도 아무도 할 이해없는없는 얘기 겠지만
그렇지만 그렇지만 미치도록 가끔가
안고 안고 때 싶어질있어
너 너 사람 같은 너 너 밖에 없었어
마음 마음 곳 둘 둘없는이 세상 속에에"
30,다이나믹 듀오 - 북향(feat.오혁),"내 내 창문 방 방 북쪽을 향해있어있어
하루 하루 해 종일 들지 않어 않어
삭막함 삭막함 화분에 키워도
순식간 순식간 시들시들에
내 내처럼 방 방도 변해 가고있어있어
좁고 좁고 작고 어둡게
이이 편한 어둠이 몰라
상처 상처 잘가 않으니까
네 네 필요가 고 고 말하면
과연 과연가 네
북향인 북향인 방
북향인 북향인 방
내 내을 손
어디 어디 나가자고든지 줄까
북향인 북향인 방 내
늘 늘 해 피곤 외로워 밤은 밤은
내 내 감은 지금도 지금도 눈에 단잠은 가뭄 가뭄
이이 방 어두운 흐르는 흐르는 시간은
지독히 지독히 가는데
거울 거울에 속는
비추지 비추지의 세월 어제 어제와 다름
두 두 감금 다리는 듯
좁은 좁은 만 방구석
계속 계속 내 맴돌지만 미친 듯 듯
맨 아래로
지금 지금
너 너 네는는보고 싶어 나는는
네 네보고가
나 나 네는는보고 싶어 나는는
네게 네게 싶어
나 나 보러를로로 와줄까를
네 네은 얼굴
내 내 비 맘은 하늘
해 해 드는 안 방은
낙엽 낙엽는 흩날리
네 네에서 앞하고 싶은데 싶은데
그게 그게 헛헛 아니라
부드럽게 부드럽게 다가가고 네게지만
더럽게 더럽게 해
온종일 온종일 전화 침묵인
확인 확인 때 할 섭섭 해 해
한 한 서럽게 번씩 버럭 해 해
그렇게 그렇게 달 오늘도 덧없게
네 네 필요가 고 고 말하면
과연 과연가 네
북향인 북향인 방
북향인 북향인 방
내 내을 손
어디 어디 나가자고든지 줄까
북향인 북향인 방 내
혼자인 혼자인 어쩌면 게한데
나 나 그 또한 또한도 찾지 않았기에에
여긴 여긴 밖 어둡고 어둡고 더 화창 해 보여 보여
난 난 해지고 창백 창백 말 짱 해 보여 보여
해 해왔다가 모르는 방 방
마음 마음 암막은 막막한 밤 밤
네모난 네모난 네모난 창과
밝기 밝기한데
나 나 네모난의은 어두워 어두워
네 네 필요가 고 고 말하면
과연 과연가 네
북향인 북향인 방
북향인 북향인 방
내 내을 손
어디 어디 나가자고든지 줄까
북향인 북향인 방 내
내 손을 잡아라
내 손을 잡아라
내 손을 잡아라
내 손을 잡아라"
31,colde - 벽,"난 난 세상 넓은에에 떨어진 새
우리 우리 모두는는는 법을 모른척 해 해
이건 이건 아닌 세상 새장 같아 같아
난 난 않고서 숨기지 숨기지에 낙서를 해 해
나 나 꿈들은의 높은 높은 곳까지
올라가야 올라가야해서 만 나 나를 밀어
내 내 바랬던가 이룰 이룰 때까지
멈출 멈출 없다는 수 수 난 알고 있기에에
숨 숨 참고서
나 나 날개는 펴
내 내에 앞 벽을을
전부 전부
침묵이 침묵이을
덮는 덮는이 밤 뒤
하나 하나 모여서
우린 우린 했네
삶 삶 우리이 던진 던진 질문들과
그 그을 답 답 위해 쌓아 올린 걸 봐 봐
나 나 목소리
나 나 노랜의
나 나 노랜의
너 너 마음의
닫히지 닫히지
기도기도이
무너지지 무너지지 벽 않는 없을 테니 테니
흩날리 흩날리 꽃잎는 떨어지겠지
우리 우리 젊음은의 수 수없는 길
허나 허나까지 방금 방금가 걸어 왔던 길 길
그렇게 그렇게 이렇듯 삶은
무너지는 무너지는이지
그래 그래의 나
나 나 노랜의
나 나 노랜의
절대 절대 않는 무너지지은
사랑 사랑 힘
그래 그래
숨 숨 참고서
나 나 날개는 펴
내 내에 앞 벽을을
전부 전부
저 저 곳 높은 올라가고 싶어 싶어
가까워지는 가까워지는은 태양 나 나를 비춰
여기 여기 상처들 아픈 아픈두고 나를 잊어 잊어
여기 여기 기억들 아픈 아픈두고 나를 지워 지워"
32,윤지영 - 언젠가 너와 나(feat.카더가든),"언젠가 언젠가와 너 중에에
누굴 누굴해야 선택
나 나 너는 고르고 고르고 멀리 떠날래
그런 그런를 나 해 줄까 줄까
딱히 딱히가는 도망 아닌데
그냥 그냥 나라 그런 기억 기억해도 돼
사랑 사랑 건했던 못 보겠지만 보겠지만
차라리 차라리 더이게을을 거 야
내 내 내을 마음 다 말 말 해 줄 줄 순 없나 봐 봐
오래 오래 될 기억 남겨 줄게 줄게
언젠가 언젠가와 너 중에에
누가 누가서야 멈춰
나 나 잡은는을을 놓고선 숨을래
그런 그런가 내 일까
미안 미안 맘 한 없진 않은데 않은데
그냥 그냥 나라 그런 기억 기억해도 돼
사랑 사랑 건했던 못 보겠지만 보겠지만
차라리 차라리 더이게을을 거 야
내 내 내을 마음 다 말 말 해 줄 줄 순 없나 봐 봐
오래 오래 될 기억 남겨 줄게 줄게
사랑 사랑 건했던 못 보겠지만 보겠지만
차라리 차라리 더이게을을 거 야
내 내 내을 마음 다 말 말 해 줄 줄 순 없나 봐 봐
오래 오래 될 기억 남겨 줄게 줄게"
33,김사월 - 로맨스,"내 내 받으러 마음
난 난은 운전 운전 네가 가지러와와
엄청 엄청 아무 많으니까 나 찾아와 찾아와
사랑 사랑 먼저
넌 넌를 나하라 했잖아 했잖아
너 너 그도 못하잖아
우리 우리 돕고를
사랑 사랑 먼저
넌 넌를 나하라 했잖아 했잖아
너 너 그도 못하잖아
우리 우리 돕고를
왜 왜 나 넌 사랑 사랑하지 못해
우리 우리해야 사랑
네 네 기쁠가
어떻게 어떻게 너 든 든 행복하게 할 거 야 야
사랑 사랑 먼저
넌 넌를 나하라 했잖아 했잖아
너 너 그도 못하잖아
우리 우리 돕고를
사랑 사랑 먼저
넌 넌를 나하라 했잖아 했잖아
너 너 그도 못하잖아
우리 우리 돕고를
사랑 사랑 먼저
넌 넌를 나하라 했잖아 했잖아
너 너 그도 못하잖아
우리 우리 돕고를
사랑 사랑 먼저
넌 넌를 나하라 했잖아 했잖아
너 너 그도 못하잖아
우리 우리 돕고를"
34,Verandah Project - 기필코,"왜이렇게 왜이렇게 하루종일
책상앞 책상앞 앉아에 싸메고 울어도 울어도
왜이럴까 왜이럴까 뻔 모두 얘기
어디 어디 한번
들어본 들어본 같은 것
나 나 해 초조 겁이나이나
이제 이제 바닥는 나버린걸까
딱 딱 만 한살
좀더 좀더 것 쉬울 같아
이대로 이대로 멈출 그냥 없잖아
절대로 절대로 나 아무렇게 안 돼 돼
그럴 그럴 없어
제대로 제대로가 내에에 들때까지
기필코 기필코는 나 말테야

왜이렇게 왜이렇게 일 하고픈 많아
벌써 벌써 시간째
엄한 엄한 생각 잡인지
무얼 무얼 어딜 할까
절로 절로이나
누가 누가 대신 나 해줬으면줬으면
참 참 해 막막 답답 해 해
왜 왜는 나과과가 아닌걸까
딱 딱 만 하루 있음
좀 좀 잘 더 것 것 만 같아
그래도 그래도가 내 잘 잘하는 일
그토록 그토록가 내 나 나의 꿈
내 내의 삶
이대로 이대로 수는 도망칠
기필코 기필코는 나 말테야
가자 가자 끝 가자 향해
이대로 이대로 멈출 그냥 없잖아
절대로 절대로 나 아무렇게 안 돼 돼
그럴 그럴 없어
제대로 제대로가 내에에 들때까지
내일 내일 내의 부끄럽지 않게 않게
그래도 그래도가 내 잘 잘하는 일
그토록 그토록가 내 나 나의 꿈
내 내의 삶
이대로 이대로 할 후회 없잖아
기필코 기필코는 나 말테야
누가 누가 래도
뭐 뭐 내 래도 래도 선택 한 나의 길 길
그토록 그토록가 내 나 나의 꿈
내 내의 삶
이대로 이대로 수는 물러"
35,딕펑스 - 바래져,"한장 한장 책 두장씩 넘기다 무심코 무심코
머문 머문 페이지 그 니가 남겨둔 남겨둔
짧은 짧은가 편지있어
날 날 해
사랑 사랑 고한다 고 빼곡히 빼곡히
적힌 적힌 한 그 그 엔 아직도 너의의
향기 향기 나가 거기 머물러서 머물러서
널 널 날들 기다리던 빛이이
비추고 비추고 놓지 널 아직
잡고 잡고 기억들 있던
바래져 바래져
추억 추억 항상은 곳 곳에 머물러
못 못 살던 본척를를 괴롭히고 잊은척
살던 살던 힘들게 날 아직도
거기 거기
널 널 날들 기다리던 빛이이
비추고 비추고 놓지 널 아직
잡고 잡고 기억 있던
바래져 바래져
바래져 바래져
바래져
추억 추억 항상은에 머물러 머물러"
36,AKMU - 시간과 낙엽,"맨발 맨발 기억로 거닐 다 다
떨어지는 떨어지는에
그간 그간 못한 잊지을 보낸다 보낸다
맨발 맨발 기억로 거닐 다 다
붉게 붉게 하늘 물든
그간 그간 못한 함께을 올린다 올린다
시간 시간 물은 흘러 가고 가고
난 난이란 추억을 놓아 놓아
미처 미처 못한 잡지이있어있어
오늘도 오늘도 너머 수평선 보는 이유 이유
맨발 맨발 기억로 거닐 다 다
날 날 단풍 애싸는
모든 모든내어 걸
살포시 살포시 본다
맨발 맨발 기억로 거닐 다 다
다 다 가을 익은에
허기진 허기진을 맘
곤히 곤히이 잠
가슴 가슴 꽃의 나무 시들어지고 시들어지고
깊게 깊게 꺼내지 묻혀 할 기억 기억
그 그에 곳 버린
그대로 그대로 아름다운가이
슬프 슬프 슬프 다
맨발 맨발 기억로 거닐 다 다
노란 노란 나무 은행
숨은 숨은의 나 나 추억을 불러 본다 본다
맨발 맨발 기억로 거닐 다 다
불어오는 불어오는에
가슴 가슴 감은으로으로을 꼭 안아 본다 본다"
37,아이유 - 소격동,"나 나와 그대 걷던
그 그 골목계단 좁은 홀로 홀로 걸어 요
그 그의 옛날 향기가가
내 내 스치죠
널 널 날 떠나는 난
등 등 처마 밑과과 참새 소리
예쁜 예쁜 마을이 살 살 거예요
소격동 소격동 기억하나을
지금도 지금도 있죠
아주 아주 밤 늦은 눈이 왔었죠 왔었죠
소복 소복 쌓이니이 맘도 설레었죠 설레었죠
나 나 나 그는 밤 단 단 한숨도 못 잤 죠 죠
잠들면 잠들면 돼 안
눈 눈 뜨면을
어느 어느 갑자기 날 많던 많던 냇물이
말라갔죠
내 내 마음도 어린 시냇물처럼처럼
그렇게 그렇게
너 너 모든의의 두 눈에 담고 있었죠 있었죠
소소 소소 하루가 한했던 날 날
그러던 그러던 날 어느 뒤집혔죠
다들 다들 잡아 꼭
잠깐 잠깐에 사이
잊고 잊고 않아 싶진
하지만하지만
사진 사진 장도 한 있지가 있지가 않 죠
그저 그저이면서 되뇌이면서
나 나 애 그저 쓸 쓸뿐 이죠
아주 아주 밤 늦은 눈이 왔었죠 왔었죠
소복 소복 쌓이니이 맘도 설레었죠 설레었죠
나 나 나 그는 밤 단 단 한숨도 못 잤 죠 죠
잠들면 잠들면 돼 안
눈 눈 뜨면을"
38,문문 - 애월,"사랑 사랑 말을
바다 바다 바라를 때
눈가 눈가 시려가
어른이 어른이 거래 된
겁 겁 참이 요
내 내 더가 봐
눈가 눈가 시리네가
어른이 어른이 봐 됐나
그 그에 시절는
너 너 빠져
주정 주정 같은
노랠 노랠 요
좋아했나 좋아했나 요
많이 많이 요
다시 다시해도
아찔한 아찔한 보니
내 내 것들 모든
부서져도
남은 남은 너 건
일 일예요
끝 끝 와야에
내 내 처음
짧았던 짧았던으로
널 널 해 기억
날 날 눈이
차가웠어도
온기 온기 말고
따뜻해 따뜻해 요
바람 바람 차다거나
태양이 태양이 때
코끝 코끝 찡해오면
어려 어려 요
별이 별이 많았어 참
구월 구월 작은에 엔
코끝 코끝 찡하네이
어려 어려 봐 졌나
우리들 우리들 밤은
우주가 우주가
대사 대사없는
영화 영화 요
그리운 그리운 봐가
많이 많이 요
낮과 낮과이 밤
괴로울 괴로울
내 내 것들 남은
없어져도
아련한 아련한를
지켜 지켜
눈 눈 담고에
내 내 처음
그때 그때 그대로
있을게 있을게
어색한 어색한과
표정 표정
자주 자주했던
목소리 목소리
그때 그때 그대로에 요
그때 그때 그대로에 요"
39,스텔라장 - 그대는 그대로,"그대가 그대가 세상이
그대 그대 지치게를
그대가 그대가 아닌
사람 사람를이기 하네
그대가 그대가 세상 속한
많은 많은이 사람들
많은 많은 가운데
나라 나라 한는이 있네 있네
세상 세상 어둠이의
그대가 그대가을 길 때
내 내 빛가되고 싶어 싶어
그대는 그대는
그냥 그냥 채로 그대인 돼
그대가 그대가 세상 속한
나라 나라 사람는 있네
그대가 그대가에
난 난 댈 그 미소 짓네 짓네
세상 세상 어둠이의
그대가 그대가을 길 때
내 내 빛가되고 싶어 싶어
그대는 그대는
그냥 그냥 채로 그대인 돼
그대는 그대는
그대는 그대는
세상 세상 어둠이의
그대가 그대가을 길 때
내 내 빛가되고 싶어 싶어
그대는 그대는
그냥 그냥 채로 그대인 돼"
40,좋아서하는밴드 - 1초 만에 만나는 방법,"별이 별이 빛나던 총총총에
새까 새까 하늘 만 단 단 둘이서 앉아
그 그 모두 별이 때까지까지
함께 함께 밤 지샌 참 그립구나 그립구나
고 고 들어서 갤 바라보면
총총 총총 별은 빛나던 어디 갔니 갔니
눈 눈 감고서을 바라보면
그 그 그 밤 앞 앞에 있구나
모두 모두대로 보이는 세상이지만이지만
때론 때론을 눈 알 알 수 있지
모두 모두 얼굴 똑같은에에 숨은 마음들
때론 때론을 눈 볼 볼 수있어
넌 넌 내 지금에 없지만 없지만
이이을 눈 눈 나의 품속에 있네 있네
난 난 네 지금에 없지만 없지만
이이을 눈 눈 너의 품속에 있네 있네
모두 모두대로 보이는 세상이지만이지만
때론 때론을 눈 알 알 수 있지
모두 모두 얼굴 똑같은에에 숨은 마음들
때론 때론을 눈 볼 볼 수있어
너 너 날와와 그 날의 밤공기 밤공기
감았다 감았다 여전히 떠봐도 그 그 자리에
날 날 날 보며
서 서 것있을 같아
넌 넌 내 지금에 없지만 없지만
이이을 눈 눈 나의 품속에 있네 있네
난 난 네 지금에 없지만 없지만
이이을 눈 눈 너의 품속에 있네 있네"
41,AKMU - 그때 그 아이들은,"지친 지친을 꿈 계속 계속 걷다 보니
첫발 첫발 함께을 달려왔던
친구들 친구들 곁이 없다는 걸 걸
어느 어느 깨닫게 순간
함께 함께 성공 이뤄갈까 다시 보자 보자
지금쯤 지금쯤의 현실을을 겪고 있다면
그때완 그때완 웃음 다른 있으려나
그땐 그땐 영원 함께 것 것 만 같았지
어렸던 어렸던을 세상 내면
비탈지던 비탈지던 좁은 저 흩어져
화려하고 화려하고했던 순수
너 너 너 두의에 넘쳐 넘쳐 흘렀던 그 한 움큼은 움큼은
꼭 꼭 살아가길
나 나 나 시작로 거 야 야 하늘을 날아 보자 보자
지금쯤 지금쯤 막힌 턱 턱에 날개를 숨긴 숨긴
그때 그때 아이들 그 그 우리의 꿈이이
그땐 그땐 영원 함께 것 것 만 같았지
어렸던 어렸던을 세상 내면
비탈지던 비탈지던 좁은 저 흩어져
화려하고 화려하고했던 순수
너 너 너 두의에 넘쳐 넘쳐 흘렀던 그 그 한 움큼과과
그 그 손 두 두기도했던 시간이이
이루어질 이루어질 있도록
그땐 그땐 이룰 함께 라 라 고 믿었지
작은 작은 발로 손과를 잡고 잡고
뛰던 뛰던 다였던 세상이 어린 어린 시절의
간절 간절 행복하고 꿈
너 너 너 두의에 넘쳐 넘쳐 흘렀던 그 한 움큼은 움큼은
꼭 꼭 살아가길
서투른 서투른 걸음 삶 상처 상처를 입고
새로운 새로운에 만남 낯설어도
훗날 훗날 이뤄 모두거야
내 내 알던가 그 그 아이들은"
42,정키 - 홀로,"아침 아침 눈에 떴 떴을 때
텅 텅 방안 빈 나 홀로 홀로
니 니 거닐면서
많은 많은에 생각들
지워질 지워질없는 수
돌이킬 돌이킬없는 수
헤어 헤어 수 날 나와
멀어져 멀어져가는 만를를 바라 봐
누군 누군 한가처럼 언젠가 언젠가
만날 만날 라 거
우린 우린 거 헤어진
집 집 오는에을 홀로 홀로
텅 텅 방 빈에 홀로 홀로
너와 너와 기억의 홀로
나 나 무뎌질 홀로
안고 안고 속 추억 살아 홀로 홀로
방안 방안 깨면에서 늘
있던 있던 없어 니가
나 나
그 그를 때하니하니 너와
내 내 우리가 말로
함께 함께 수 할
그 그의 날을
잠시 잠시 두 맞잡았던
차마 차마 수 놀 붙잡았던
우리 우리해도
그립고 그립고 그저
바라 바라 봐야 만
누군 누군 한가처럼 언젠가 언젠가
만날 만날 라 거 우린
헤어진 헤어진 야
집 집 오는에을 홀로 홀로
텅 텅 방 빈에 홀로 홀로
너와 너와 기억의 홀로
나 나 무뎌질 홀로
안고 안고 속 추억 살아 홀로 홀로
방안 방안 깨면에서
늘 늘 니가 있던
익숙해지겠지 익숙해지겠지 홀로
지난 지난이 시간들
힘든 힘든 내 건지 만을을
기다린 기다린
다른 다른 갈 누군
내 내 바란 모습
그저 그저 사랑 날 날 고 말 해 줘 줘
집 집 오는에을 홀로 홀로
텅 텅 방 빈에 홀로 홀로
너와 너와 기억의 홀로
나 나 무뎌질 홀로 안고 살아 살아
보고보고 매일 싶어 그리며 살아 살아
다시 다시한다 아파
내 내 손 게
그저 그저 사랑 날 날 고 말 해 줘 줘
이제 이제 이상 더
그 그처럼 날 날
만나서 만나서
그 그 그 날 다시 돌아와 돌아와
나 나 만 하나
사랑 사랑 고한다했던
그 그의 때로 돌아갈래 돌아갈래
텅 텅 방 빈에 홀로 홀로
너와 너와 기억의 홀로
나 나 무뎌질 홀로
안고 안고 속 추억 살아 홀로 홀로
방안 방안 깨면에서 늘
있던 있던 없어 니가
나 나"
43,옥상달빛 - 빨주노초파남보,"아침 아침 깨워주는
나무 나무의 위과
솜털 솜털 부드러운
하늘 하늘 구름 위
노란 노란을 달 저 저 깊은 강도
여린 여린을 빛 빛내는 저 별들까지까지

한그루 한그루 나무가의
큰산이 큰산이까지
어린 어린이
저 저 바다 큰 헤엄 헤엄 칠때까지
다섯 다섯 인 살 아이도
그 그에 아이까지도도
이세상 이세상 아름답다이 수 있도록 있도록
내 내 그들가가 지켜 줘야한다는 것을을
우리 우리 그들가가 지켜 줘야하는 것을을
내 내 그들가가 지켜 줘야한다는 것을을
우리 우리 그들가가 지켜 줘야하는 것을을"
44,정은지 - 하늘바라기,"꽃 꽃 내 잎이을 흔들고 흔들고
꽃 꽃 내 잎이을 적시고 적시고
아름다운 아름다운
푸른 푸른 만
바라 바라
꼬마야 꼬마야
슬픔 슬픔 혼자을 살지는 마 마
아빠야 아빠야를 어디
당신 당신 마음의 살 살 수 있을까
가장 가장 별이 큰 우리 동네 동네
따뜻한 따뜻한 꽃 햇살 피는 피는 봄에
그 그 그 위로 댈 요 그 그 댈 사랑 해 요 요
그대만 그대만 노래의
뚜루뚜 뚜루뚜 두두두
뚜루뚜 뚜루뚜 두두두
뚜루뚜 뚜루뚜 두두두
하늘 하늘 하늘 바라기 멍하니
가장 가장 하늘 큰 있잖아
그대가 그대가 하늘 내
후회 후회 삶들
가난 가난 추억
난 난했다
아빠야 아빠야
빗속 빗속 걸어도을 감사 하니깐 하니깐
아빠야 아빠야를 어디
당신 당신 마음의 살 살 수 있을까
가장 가장 별이 큰 우리 동네 동네
따뜻한 따뜻한 꽃 햇살 피는 피는 봄에
그 그 그 위로 댈 요 그 그 댈 사랑 해 요 요
그대만 그대만 노래의
따뜻한 따뜻한이 바람 봄 내음 내음
그대 그대이와을을 함께 걷네
아련한 아련한 맘 내 내 겨우 닿는 곳에에
익숙한 익숙한 뒤 골목 숨어 있다가 있다가
그대 그대 만 오기 만
기다린 기다린가 그때 떠올라
가장 가장 별이 큰 우리 동네 동네
따뜻한 따뜻한 꽃 햇살 피는 피는 봄에
그 그 그 위로 댈 요 그 그 댈 사랑 해 요 요
그대만 그대만 노래의
뚜루뚜 뚜루뚜 두두두
뚜루뚜 뚜루뚜 두두두
뚜루뚜 뚜루뚜 두두두
하늘 하늘 하늘 바라기 멍하니"
45,제이레빗 - 내일을 묻는다,"시간 시간 맴돌아
그 그 적 어릴 곳에에
익숙한 익숙한 작은 목소리가
소소 소소 발걸음 한 부르던 부르던 콧 노래

아무도 아무도
비밀 비밀 문의 들어가
마음 마음 소망 가득 담아
행복 행복 미소 한
몰래 몰래도 눈물
오늘 오늘 노래이 부른다
아득한 아득한을 시간
모든 모든 선명 게 않더라도
소중 소중 추억했던
기억들 기억들 지워을
나 나 지난의
또 또 내일 다른 묻는다

아무도 아무도
비밀 비밀 문의 들어가
마음 마음 소망 가득 담아
행복 행복 미소 한
몰래 몰래도 눈물
오늘 오늘 노래이 부른다
아득한 아득한을 시간
모든 모든 선명 게 않더라도
소중 소중 추억했던
기억들 기억들 지워을
나 나 지난의
또 또 내일 다른 묻는다

모든 모든 선명 게 않더라도
소중 소중 추억했던
기억들 기억들 지워을
나 나 지난의
또 또 내일 다른 묻는다"
46,요조 - 우리는 선처럼 가만히 누워,"우리 우리 선는 가만히 누워 누워
닿지 닿지 천장 않는 않는 손을 뻗어 보았지 보았지
별을 별을 별을 진짜으로
딸 딸 있으면 수 데
그럼 그럼 그럼의 너에 한 한 쪽 만 무릎 꿇고 꿇고
저 저 먼 멀고의 끝 끝
빛나는 빛나는 별
너 너 줄게
다녀올게
말 말 수 할 데
우리 우리 선는 가만히 누워 누워
볼 볼없는 수을 보려 보려
눈 눈 감아을
어딘가 어딘가 영원 정말로
정류장 정류장 있으면이 데
그럼 그럼가 뭔 뭔 들어있는 배낭과과
시들지 시들지 장미 않는 않는 한 송이를 들고 들고
우리 우리까지
함께 함께 고
말 말 수 할 데
우리 우리 선는 가만히 누워 누워
우리 우리 선는 가만히 누워 누워
우리 우리 선는 가만히 누워 누워
우리 우리 선는 가만히 누워 누워
우리 우리 선는 가만히 누워 누워
우리 우리 선는 가만히 누워 누워
우리 우리 선는 가만히 누워 누워
우리 우리 선는 가만히 누워 누워"
47,"박지윤 - 봄, 여름 그 사이","빛 빛 빛 나무 사이
빛 빛 빛 구름 소리
빛 빛 소리 바람 나뭇가지는는
흔들흔들거리네
아스팔트 아스팔트에 위
꼬물꼬물 꼬물꼬물
봄 봄 그 여름에
너 너 나와 사랑 얘기 얘기
빛 빛 빛 사랑을을 감아 요
빛 빛 빛 기억을을 쉬어 요
빗 빗 소리 방울 우리 우리 사랑도
희미 희미 내리네
뿌옇게 뿌옇게 가로등 번지는 아래
눈물 눈물 차오르네
시간 시간 다은
다 다 지워진다
빗 빗 소리 방울 우리 우리 사랑도
희미 희미 내리네
뿌옇게 뿌옇게 가로등 번지는 아래
눈물 눈물 차오르네
시간 시간 다은
다 다 지워진다
난 난 참 니가 플꺼야
봄 봄 봄 여름는 안녕 안녕"
48,자우림 - 17171771,"천사 천사 미소의의 새들의 노래처럼처럼
이토록 이토록스런 사랑이이 좋은걸 요
어서 어서와 내게로 내게로 영원히 함께 해 요 요
우리 우리라면 함께 않은걸 요 요

세상 세상 단에 사람 당신 당신
당신 당신 만나기을 나
이이에 세상 세상 걸 알고 있나 요 요

어쩌면 어쩌면 예전 우린
이름모를 이름모를 먼 저에서
이미 이미 해 사랑도도 몰라 요

오월 오월 햇살의의 시월의 하늘처럼처럼
그렇게 그렇게 당신 못견디게 좋은걸 요 요
어서 어서와 내게로 느끼고 느끼고 있잖아 요
어느새 어느새이 슬픔 버린걸
나나나나--

때론 때론 거센 폭풍우에
별 별 찾아온에서
우리 우리 갈라를 할 할 때면

조용히 조용히 마주앉아
가만히 가만히의 서로을 잡고 잡고
향긋한 향긋한을 낙원 요

바람 바람 잦아들고은 사라지고
햇살 햇살 따스하게이 짓고 짓고 있네 요
우리 우리 있으면 함께 않은 않은 걸 요
악마도 악마도 검은 지옥도도

아가의 아가의처럼 살결의의 향기처럼
그렇게 그렇게 당신 못견디게 좋은걸 요 요
어서 어서와 내게로 내게로 다 알고있는 걸 요 요
서로 서로 위해를 태어났잖아 요 요

천사 천사 미소의의 새들의 노래처럼처럼
이토록 이토록스런 사랑 사랑이 좋은걸 요 요-"
49,가을방학 - 속아도 꿈결,"산책 산책 고이라
정해진 정해진없이
얽 얽 데 매인
발길 발길대로가는 것
누굴 누굴든지
어딜 어딜든지
별렀던 별렀던없이
줄 줄 끌러을을 가야 만하는 것 것
인생 인생 속은에에 인생을 속인 채 채
계절 계절 힘의 놀란 채 채
밤낮도 밤낮도 채 잊은 잊은 채 채
짝 짝 맞는 안
산책길 산책길 떠남에
으뜸 으뜸 순간가는
멋진 멋진을 책
맨 맨을 끝장 그 때 때
인생 인생 속은에에 인생을 속인 채 채
계절 계절 힘의 놀란 채 채
밤낮도 밤낮도 채 잊은 잊은 채 채
짝 짝 맞는 안
산책길 산책길 떠남에
으뜸 으뜸 순간가는
멋진 멋진을 책
맨 맨을 끝장 그 때 때
이를테면 이를테면의 봉별기 장처럼처럼
속아도 속아도 속여도 꿈결
굽이 굽이 뜨내기 굽이
그늘진 그늘진에 심정 질러 버려라 버려라
속아도 속아도 속여도 꿈결"
50,산들 - 나의 어릴 적 이야기,"어느 어느 갑자기 날
내 내 부르시던 이름
지금도 지금도 귓가 내 울리는데
아무도 아무도 못하나 기억
사진 사진 우리 속 보니
그때 그때 아주는 했구나
생각 생각해도 만 맘 맘 이렇게 아픈데
아무도 아무도 못하나 기억
내 내 만 얘기 가세요
한 한도 번 내 내 지 못한
평생 평생 나을 할 할 게 요
내 내 듣고 말
저기 저기 아저씨 요 만 요 요
사진 사진 같이 좀주세요
언젠가 언젠가 얼굴 당신 버릴까
내는내는 여기 요 랍니다
어느 어느 갑자기 날이나
손잡고 손잡고 닐던 거 골목길
하나 하나 셋 둘 모두 좋았었는데 좋았었는데
아무도 아무도 못하나 기억
내 내 만 얘기 가세요
한 한도 번 내 내 지 못한
평생 평생 나을 할 할 게 요
내 내 듣고 말
저기 저기 아저씨 요 만 요 요
사진 사진 같이 좀주세요
언젠가 언젠가 얼굴 당신 버릴까
내는내는 여기 요 랍니다
내 내 요가가 기억 할 게 요 요"
51,제이레빗 - 선잠,"그대 그대 밤 그 작은 작은 불빛 외로움
짙은 짙은 밤
부질 부질 욕심없는 눈물을을
삼킨날도 삼킨날도
우리 우리 사랑의 시작 시작되고 그대
손 손 잡고
함께 함께이한다면
어떤 어떤이라도
견뎌 견뎌 나 내리라 하겠소
언젠가 언젠가 삶 우리 힘겨울 때 때
세월이 세월이
아득한 아득한 향기 그 잊혀져 간대도 간대도
사랑 사랑 그대 해 사랑 사랑 해 오
나 나 향기 그대의 되리
언젠가 언젠가 삶 우리 힘겨울 때 때
세월이 세월이
우리 우리 날 지난 바래져 간대도 간대도
사랑 사랑 그대 해 사랑 사랑 해 오
나 나 추억 그대의 되리
나 나 사랑 그대의 되리"
52,넬 - 지구가 태양을 네 번,"천천히 천천히 아주 솔직히
아니더라도 아니더라도
잊혀질 잊혀질 라 거
믿었지 믿었지 믿고 그렇게까지
견뎌 견뎌 그런 왔었는데 비웃듯
그 그이 기억들 중력처럼처럼
내 내 마음 모든 너 너에게로
끌어 끌어있어
벗어날 벗어날 없어
지구 지구 태양가 네 네 번 감싸
안 안 동안는는는 수 백
번 번 넘게
너 너 그리워를 눈물
흘려야 흘려야
참 참 이렇게 그렇지 힘들게
하고하고하는 외롭게
기억 기억
그 그이 기억들 중력처럼처럼
내 내 마음 모든 너 너에게로
끌어 끌어있어
벗어 벗어 없어
지구 지구 태양가 네 네 번 감싸
안 안 동안는는는 수 백 번도도
넘게 넘게를 너했고
또 또 했어
왜 왜 만 그래야
찰나 찰나 순간의 영원히
갇혀진 갇혀진 사진 흑백 피사체 같이 같이
나 나 슬픔의 항상 항상 똑 같은
표정 표정 널으로
지구 지구 태양가 네 네 번 감싸
안 안 동안는는는 수 만 번도도
넘게 넘게를 너했고
또 또 했어 지워가야
그래야 그래야 했어
지구 지구 태양가 네 번 번
감싸 감싸는 안 안 한 번 생각 해 해
본 본있는 적
꽤 꽤 시간 오랜 지구가가
태양 태양 태양 열을 감싸 안 안은 후에도도
널 널 그리워 여전히있을
내 내 모습 그
왜 왜 만 그래야
왜 왜 만 그래야
왜 왜 떠나야 날"
53,짙은 - 안개,"모든 모든 희미 게 보이는 보이는 밤이야
우린 우린 속 어둠 어둠 숨어 길을 나섰지 나섰지
산등성이 산등성이 따라를 길
오르면 오르면 안개 오를수록 깊어져
가슴 가슴에 속는는 풀 내음과
어둠 어둠에 속 속 이끄는 하나의 달 달
모든 모든 완벽 게 게 다 준비 돼있어있어
도망가기 도망가기 좋은에 날이지
어디 어디 저로
누구 누구 우리와
안개 안개을 속
마을 마을 멀어져
누구 누구 우리도
질문 질문하지을
처음 처음 곳 같은
도망 도망 좋은 가기
짙은 짙은 속 안개 들어갔을 때 때
뭐 뭐 제일가 얘기 얘기 해 줄까
내 내 그 눈은 찾기 찾기 위해 빛나고
내 내 그 손은 잡기 위해 위해
존재 존재 것
어디 어디 저로
누구 누구 우리와
안개 안개을 속
마을 마을 멀어져
누구 누구 우리도
질문 질문하지을
처음 처음 곳 같은
도망가자 도망가자 함께
모든 모든 희미 게 보이는 보이는 밤이야
우린 우린 속 어둠 어둠 숨어 길을 나섰지 나섰지
산등성이 산등성이 따라를 길
오르면 오르면 안개 오를수록 깊어져
처음 처음 곳 같은 떠나가자
처음 처음 곳 같은 나와 함께 함께
처음 처음 곳 같은
도망 도망 좋은 가기"
54,김거지 - 조금만 더,"나 나 보며를
너 너 눈빛의에
너 너 보며를
내 내가 미소
스며드는 스며드는의 너가
지친 지친을 밤 하네
숨겨둔 숨겨둔 한켠 마음 적힌
수없이 수없이 구겨져야 썼다
한 한 종이 장의
조심스레 조심스레 읽을래
우 조금 만 조금 떨리는 떨리는 그 입술로
함께 함께 조금 있자고 더
우 조금 만 조금이이 밤이 지나도록
함께 함께 조금 있자고 더
조금 조금 더 만 만 더 더
나 나 보며를
너 너 미소의에
너 너 보며를
미소 미소 겹쳐지고
스며드는 스며드는의 너가
지친 지친을 밤하려 해 해
숨겨둔 숨겨둔 한켠 마음 적힌
수없이 수없이 구겨져야 썼다
한 한 종이 장의
조심스레 조심스레 읽을래
우 조금 만 조금 떨리는 떨리는 그 입술로
함께 함께 조금 있자고 더
우 조금 만 조금이이 밤이 지나도록
함께 함께 조금 있자고 더
떨리는 떨리는 입술 그
함께 함께 조금 있자고 더
이이이 밤
떨리는 떨리는 입술 그
함께 함께 조금 있자고 더
이이이 밤
함께 함께 조금 있자고 더
떨리는 떨리는 입술 그
함께 함께 조금 있자고 더
이이이 밤
함께 함께 조금 있자고 더
조금 조금 더 만 만 더 더
조금 조금 더"
55,자전거 탄 풍경 - 너에게 난 나에게 넌,"너 너 난에게 녘 녘 노을처럼
한편 한편 아름다운의이되고되고
소중 소중 우리했던을을 기억하며
우-없이 후회 그림 그림처럼 남아주기를를

나 나 넌에게에게 외롭던 지난 시간을을
환하게 환하게 주던 비춰이되고되고
조그맣던 조그맣던의 너 손위에에
빛나는 빛나는처럼 보석 보석의 약속이되어되어

너 너 난에게 녘 녘 노을처럼
한편 한편 아름다운의이되고되고
소중 소중 우리했던을을 기억하며
우 우없이 후회 후회처럼 남아주기를를

나 나 넌에게에게의 슬픈 노래로로
내작은 내작은에 가슴속 남아
반짝 반짝 너이던 예쁜 예쁜 눈망울에
수많은 수많은되어 별이 빛나고 싶어 싶어

너 너 난에게 녘 녘 노을처럼
한편 한편 아름다운의이되고되고
소중 소중 우리했던을을 기억하며
우 우없이 후회 후회처럼 남아주기를를

너 너 난에게 녘 녘 노을처럼
한편 한편 아름다운의이되고되고
소중 소중 우리했던을을 기억하며
우 우없이 후회 후회처럼 남아주기를를"
56,10CM - 새벽 4시,"갈라진 갈라진 틈새 창문 스민
이상 이상 만치 하리
그 그 밤 겨울 겨울을 아직 기억 해 해
차가운 차가운 이불 여관방에
부끄러운 부끄러운의 사랑
하늘 하늘 날았던을을을 기억 해 기억 해 해
별이 별이 다리
우리 우리 손 야윈 야윈 꼭 잡고 걸어 가던 가던
길 길 걷다을
가장 가장 순간 아름다운 바라보던
그 그 그 달 그때에에
나 나 담은를 그림들이이
지난 지난의 낭만에
어른이 어른이 나 된 어지러워

새벽 새벽 맞은을 골목에에
이상 이상 만치 하리
자판기 자판기 냄 커피 아직 아직 기억 해
먼지 먼지 가려진에에
어쩔 어쩔 모르던 줄
그 그 울음 살가운 살가운를 기억 해 기억 해 해
별이 별이 다리
우리 우리 손 야윈 천천히 천천히 놓아 가며
길 길 걷다을
가장 가장 순간 안타까운 바라보던
그 그 그 달 그때에에
나 나 담은를 그림들이이
지난 지난의 낭만에
어른이 어른이 나 된 어지러워
지나간 지나간 얘기 지난 그림
어렴풋 어렴풋 사랑 한 장면
낭만 낭만 꿈의 애매한 느낌 느낌
아련한 아련한와 연기
메마른 메마른에 아침을 뜨면 뜨면
안타까운 안타까운 아름다운 가장 풍경에에
더 더 귓가 아쉬운 아쉬운 맴도는 목소리에에
더 더 가장 그리운 그 그 순간에
더 더
별이 별이 다리
우리 우리 손 야윈 천천히 놓아가네 놓아가네
어려운 어려운이지만
가장 가장 순간 아름다운 바라보던
그 그 그 달 그때에에
나 나 담은를 그림들이이
지난 지난의 낭만에
어른이 어른이 나 된 어지러워
그 그 그 달
나 나 담은를 그림들이이
지난 지난의 낭만에
어른이 어른이 나 된 어지러워

어른이 어른이 나 된 어지러워"
57,올티 - 무중력,"너 너 별의라는
널 널 대기권 가리는 구름을을
뚫 뚫 정도을 선명 해 해
누구 누구 널 든 알 알 수있어
오늘 오늘 유난히도은
나완 나완 밝은 달리 함께 해 해
아마 아마도
널 널 할 질투 분명 해 해
너 너 운명의
늘 늘이 빛 였으니까
엄마 달링
여전히 여전히의 너의
어딜 어딜 닐던
나 나 더보다 빛나는 별들이 별들이
널 널
내 내 안 빛은
차라리 차라리 더
마음 마음 놓이겠지
넌 넌하고 유일 무수 해 해
그런 그런에게
유일 유일 싶 해지고 우습게
또 또 버릴 혼자서
너 너있어에게 그저
널 널는 맴도의의 별일뿐
닿을 닿을 있을까
닿을 닿을 있을까
닿을 닿을 있을까
닿아선 닿아선 될까
사실 사실 혼자서 나
너 너 맞춰에게 공전 궤도 궤도
내 내의 스스로 엔 어긋났지만 어긋났지만
널 널 돌고 따라 것을을
더 더하지 원
너 너 뒤편의 섰을 때 때
날 날 덮는 가득 그림자 그림자의 어둠
그것 그것도 마저 빛 빛으로 여기지
내 내 엔 삶 어둠도 없었거든 없었거든
이이에 관계 재해석 했어 했어
이이되는
궤도 궤도에서 위 외행성
할 할있는 수 있을까
주변 주변 맴도을 익숙한
이이의 습관
계속 계속 가지만
다가갈 다가갈 없어
모난 모난가 내하면하면 넌 다쳐서
조금씩 조금씩뿐 멀어질
너 너 중력도의의가 짊어질뿐 야 야
닿을 닿을 있을까
닿을 닿을 있을까
닿을 닿을 있을까
닿아선 닿아선 될까
내 내 덩치 마음 크지 뭐 뭐
자칫 자칫하면
네 네 주위 마음 맴돌다
쾅 쾅
꿈 꿈 만에서
너 너 미소의 다시 없을 없을
공백이 공백이 봐
말 말
태양 태양 물어에게
난 난 수 닿을
달 달 물어에게
난 난 수 가릴
난 난 수도
가릴 가릴 없는데 수도
같은 같은에 거리 채로
맴돌아 맴돌아 궤도
어쩌다 어쩌다 발견 널
좌로 좌로 몸 우로 휘저어 봐도 봐도
내 내 바로 눈은
너 너 별이라는 곳에에
못 못 채
똑같이 똑같이는 맴도 못 못 가질 게
분명 분명 용기해도
벗어날래
너 너 다른와에서
머무 머무 건는 곤란 해 해
얼마가 얼마가
널 널 갈게
겁 겁 고 나냐에"
58,"정인, 윤종신 - 오르막길","이제 이제 웃음기부터거야
가파른 가파른 길이 좀 봐 봐
그래 그래 전 오르기
미소 미소 기억를 두자
오랫동안 오랫동안 볼 못 몰라
완만 완만 우리했던 지나온 지나온 길 엔
달콤한 달콤한의 사랑
이제 이제 땀
거칠게 거칠게 숨이
우리 우리 한 유일 일지 몰라 몰라
한 한 이제 걸음 걸음일 걸음일뿐 아득한
저 저 보지마 끝은했던했던 길처럼
계속 계속를 나 줘
그러면 그러면
사랑 사랑이 해 함께 함께가는 그대
굳이 굳이 된 고를를 택한 그대여
가끔 가끔 가끔이 바람 때 만 만 저 먼 풍경을을
바라 바라 올라온 봐
아름다운 아름다운 길
기억 기억 혹시 해 손 놓쳐도 놓쳐도
절대 절대하고 당황 마요
더 더 오를 이상 이상없는 그 곳은은
넓지 넓지 우린 않아서 엔 만나 만나
오른다면
한 한 이제 걸음 걸음일뿐뿐
아득한 아득한 끝은 저
평온 평온 길했던
계속 계속를 나 줘
그러면 그러면 견디겠어
사랑 사랑이 해 함께 함께가는 그대여
굳이 굳이 된 고를를 택한 그대여
가끔 가끔 가끔이 바람 때 만 만 저 먼 풍경을을
바라 바라 올라온 봐
아름다운 아름다운 길
기억 기억 혹시 해 손 놓쳐도 놓쳐도
절대 절대하고 당황 마요
더 더 오를 이상 이상없는 그 곳은은
넓지 넓지 우린 않아서 엔 만나 만나
크게 크게 쳐 소리 소리 해 요 저 끝까지까지"
59,윤상 - 날 위로하려거든,"그때 그때는 너 있었냐 고 고
나 나 또는 게 묻는다 묻는다
왜 왜의 너을을 지키지 못했는지
그걸 그걸 또 묻고
괜찮아질 괜찮아질라는 거
이겨 이겨라는 내
가시 가시 나처럼 찌르는 말 말
제발 제발 그냥 날 둬
난 난 세상 지금 잃었으니
전부 전부 줄 가진 자에겐
잃을 잃을 너무 게
이이을 세상 세상 잃은 슬픔 같은 건 건
쳐다 쳐다하지 보려
이제 이제 잊으라는는
잊혀진다는 잊혀진다는
백지 백지 그저처럼 말
제발 제발 울게 날 둬
정말로 정말로 위로 날
날 날"
60,원 모어 찬스 - 내안에 하늘과 숲과 그대를,"내안 내안 하늘에에 숲과 그대를를
푸른 푸른 사이로 나무들 하늘
한 한 눈 가득 햇살
그 그 아래서 햇살 바라보면서
환하게 환하게 짓던 웃음
나 나 그런는는 댈 이제 잊고 싶어서 싶어서
그 그 걸 모든 싶어서
추억들 추억들 자라이
이곳 이곳 난에
기억 기억 기대어에
내 내에 안 안과 숲과 그대를를
나 나 어느는 지울
수가 수가
내 내에 맘 담아 둔다 둔다
추억들 추억들 자라나이 하늘 하늘 끝까지
손 손 닿지에 그만큼만큼
내게서 내게서는 이제 멀어져가는가는
너와 너와 모든의
내 내에 안 안과 숲과 그대를를
나 나 어느는 지울
수가 수가
내 내에 맘 담아 본다 본다
내 내에 안 안과 숲과 그대를를
나 나 어느는 지울
수가 수가
내 내에 맘
내 내에 안 안과 숲과 그대를를
나 나 어느는 지울
수가 수가
내 내에 맘 담아 둔다 둔다"
61,타루 - 새장속의 친구,"파란 파란이 하늘 맑아서
좁은 좁은을 새장 새 새처럼 모두
낡은 낡은은 기억 기억는 몰아 내고 싶어 싶어
잦은 잦은은 슬픔는는 모두 안녕
창백한 창백한를 거리 싶어
드러나지 드러나지 가슴속 않는은은 가득해도
어둔 어둔에 조명을을 적셔 두고서
아무 아무도 말 말 않던 나의 친구여여
잦은 잦은은 슬픔는는 모두 안녕
흐르는 흐르는에 시간 탓인지인지
퇴색 퇴색 추억 한 너무 지쳐 지쳐
파란 파란로 하늘위
새들 새들 노래의 듣고선
자유 자유 부러워 롭다며 친구여여
비 비 내린가 날 날 하늘에
드높게 드높게 무지개 걸친보고
부르던 부르던 전기 함성은 위에에
윙윙거리네
별은 별은에 어둠 빛나고
자정 자정 알리는을을 소리에 잠이이
깨어
낡은 낡은은 기억 기억는 몰아 내고 싶어 싶어
잦은 잦은은 슬픔은은 모두 안녕
흐르는 흐르는에 시간 탓인지인지
퇴색 퇴색 추억 한 너무 지쳐 지쳐
파란 파란 위 하늘 날아가버린
새들 새들 노래의 듣고선 듣고선 자유 롭다며
부러워 부러워 친구하던
비 비 내린가가 날 하늘에 드높게 드높게
걸친 걸친를 무지개 부르던 함성은 함성은
전깃 전깃 위 줄 윙윙 거리네 거리네
파란 파란 위 하늘 날아가버린
새들 새들 노래의 듣고선 듣고선 자유 롭다며
부러워 부러워 친구하던
비 비 내린가가 날 하늘에 드높게 드높게
걸친 걸친를 무지개 부르던 함성은 함성은
전깃 전깃 위 줄 윙윙 거리네 거리네"
62,인피니트 - 그 해 여름,"햇살 햇살 내리는이마다
흰 흰 흐르는 구름마다
바람 바람 스치는이마다마다 니가 비쳐
시간 시간 타고서을에도도
진하게 진하게 매일 번져와도
그리움 그리움 나 가득히 또
스며 스며 넌와
넌 넌 넌 수줍게 타고와와
흔들어 흔들어 잔잔히
넌 넌 넌 여전히으로 이어져 이어져
난 난 난 또 또 난 그리움에 살아 살아
난 난 난 이미
난 난에 추억있어
발길 발길 머무이 자리마다마다
손길 손길 스치는이마다
시선 시선 옮기는을마다마다 니가 보여
하루 하루 작은의 사이에도
촘촘히 촘촘히 왜 차올라
설레임 설레임 나 가득히 또
스며 스며 넌와
넌 넌 넌 수줍게 타고와와
흔들어 흔들어 잔잔히
넌 넌 넌 여전히으로 이어져 이어져
난 난 난 또 또 난 그리움에 살아 살아
난 난 난 이미
난 난에 추억있어
나 나를 너 널 널 만나게 되서
얼마나 얼마나한지
내 내이가 자라 자라 늘 지켜볼게
스며 스며 넌와
넌 넌 넌 수줍게 타고와와
흔들어 흔들어 잔잔히
넌 넌 넌
기억 기억 이어져
난 난 난 또 또 난 그리움에 살아 살아
난 난 난 이미
난 난에 추억있어"
63,장범준 - 회상,"길 길 걸었지을을가 옆에있다 고 고
느꼈을 느꼈을 나 때 알아 버렸네 버렸네
이미 이미 떠난 그대라는 걸 걸
나 나 혼자는 있던 있던 거 지
갑자기 갑자기이 바람와 지네 지네
마음 마음 얼고은은는 그 곳에 서서 서서
조금도 조금도 수 움직일
마치 마치 버린 얼어처럼
나 나 놀라서는 거 지 지
달빛이 달빛이 흐느끼고 숨어
음 음 버린 떠나 사람 생각나네 생각나네
음 음 그 돌아선 생각나네
묻지 묻지 왜 않았지를를 떠나느냐 고
하지만하지만 너무 마음
이미 이미 돌아서 그대 걸
혼자 혼자 없었지
미운건 미운건 나였어
떠나 떠나 그 버린 생각나네
돌아선 돌아선 사람 그
길 길 걸었지을을가 옆에있다 고 고
느꼈을 느꼈을 나 때 알아 버렸네 버렸네
이미 이미 떠난 그대라는 걸 걸
나 나 혼자는 있었던 거지 거지
갑자기 갑자기이 바람와 지네 지네
묻지 묻지 왜 않았지를를 떠나느냐 고
하지만하지만 너무 마음
이미 이미 돌아서 그대 걸
혼자 혼자 수 어쩔
미운건 미운건 나였어
갑자기 갑자기이 바람와 지네 지네"
64,나얼 - 같은 시간 속의 너,"꼭 꼭 않아도
충분히 충분히 이해 널 수있어있어
다른 다른 곁 사람 사람 서있는 니 모습이이
조금 조금하지만
다 다 않아도
어떻게 어떻게 이겨낼 든있어
다른 다른 찾아가 사랑 니 니 얼굴이
그렇게 그렇게 않아
이제 이제 같은 우리 우리 속을 남처럼처럼
그렇게 그렇게 돼
달아나도 달아나도 못 가지 기억 안고 안고
아무말 아무말 하지마도
더 더 안는는 거 잘 알아 요 요
많은 많은 아무 날들이 없진 않겠죠 않겠죠
멀어지는 멀어지는처럼
우리 우리 한 함께을을 꿈처럼
그렇게 그렇게 돼
눈 눈 잊지 감아도 감아도 할 추억의 널 묻고 묻고
아무말 아무말 하지마도
더 더 안는는 거 잘 알아 요 요
사랑 사랑 날했던 사라지진 않겠죠 않겠죠
우릴 우릴 안개 스치는
아무것 아무것 묻지도 요
이대로 이대로 둘래요 묻어는 요 요
거짓말 거짓말 또처럼 살아지겠죠
떨어지는
같은 같은 속의 시간"
65,Bard - 춤추는 바람,"불어오는 불어오는에 바람 내려
숨겨 숨겨 비밀 왔던 사라져가네
들어 들어 원하지도 주길
기억 기억 바라지도 되길
나 나 이름의
나 나 몸의의 적시는 비가 내려와 내려와
흘러흘러 흘러흘러 길 가지만 잃었네
강을 강을 작은 비추던 빛 마저도 마저도
낯설어지는 낯설어지는 곳이 비추기 엔 엔
희미 희미
나 나 손은의 작아서
바람 바람 막을을 없지만
넘쳐오는 넘쳐오는에 파도
그저 그저의 너을 잡았네 잡았네
춤추는 춤추는
흔들리는 흔들리는에서
잠시 잠시
갈 갈을 곳 날아가는
새들 새들 휴식의되어
춤추는 춤추는 두려움 마음
지친 지친 잠시 눈물
갈 갈을 곳 떠나려는
새들 새들 위로을 주오
춤추는 춤추는
내 내 떠나가기가에
잠시 잠시
세상 세상 작은
아름다운 아름다운을 비밀
춤추는 춤추는
흔들리는 흔들리는에서
잠시 잠시
갈 갈을 곳
날아가는 날아가는의
휴식 휴식되어
춤추는 춤추는
두려움 두려움 지친에
잠시 잠시
갈 갈을 곳 떠나려는
새들 새들 위로을 주오
춤추는 춤추는
내 내 떠나가기가에"
66,유재하 - 사랑하기 때문에,"처음 처음 그대 느낀은
혼자 혼자의 만 였던가 요 요
해맑은 해맑은로 미소를
바보로 바보로
내 내 떠나가던 곁을
가슴 가슴 품었던에의
수많은 수많은이
푸르게 푸르게
어제 어제 떠난는를
잊지 잊지하는 못가 미웠죠 미웠죠
하지만하지만 깨달아 이제
그대만 그대만 나였음의
다시 다시 그대 돌아온
내 내 것 모든 요
우리 우리 영원히
헤어지지 헤어지지
나 나 그대만 오직
사랑 사랑 때문하기
커다란 커다란를 그대
작아져만 작아져만 나이기가는
그 그 뜻 무슨해도
조용히 조용히
어제 어제 지난는을
잊지 잊지하는 못가 미웠죠 미웠죠
하지만하지만 깨달아 이제
그대만 그대만 나였음의
다시 다시 그대 돌아온
내 내 것 모든 요
우리 우리 영원히
헤어지지 헤어지지
나 나 그대만 오직
사랑 사랑 때문하기
사랑 사랑 때문하기"
67,마지막 토스트 - 불확실성에 기대어,"삐걱대 삐걱대 침대는
나 나 잠는 막 깨어나 깨어나
불안 불안 보이는 해 머리 머리를 쓰다듬어
미래 미래 얘기를 보지만
뾰족 뾰족 답은 한
무슨 무슨 말 할있는 걸까 걸까
나 나 조금는 해져
아무렇게나 아무렇게나 놓은
셔츠 셔츠 걸치고
졸린 졸린 모니터 하루
그래 그래은 인생 있지
지쳤다 지쳤다 말 고 했지 했지 위로하는
대답은 대답은
그것 그것이지뿐 그렇지 그래 그래
인생 인생 거기은
나 나 과거는 사는 사람 사람
너 너 미래는 얘기 얘기 할 때
그런 그런에 불확실함
우린 우린하고 방황
무딘 무딘을 창문 찬 찬 공기가
밀려들어
그제야 그제야 숨 막힌 토해 내듯 내듯
너 너 말는
우린 우린로 어디 걸까 무얼 무얼
꿈꾸고 꿈꾸고 걸까
나 나 말문는 막혀서
아무 아무도 말 수 없었네 없었네
나 나 과거는는 사는 사람 너는는
미래 미래 얘기를 때
그런 그런에 불확실함 우린
방황 방황 있었네
나 나 과거는는 사는 사람 너는는
미래 미래 얘기를 때
그런 그런에 불확실함 우린
방황 방황 있었네
나 나 과거는는 사는 사람 너는는
미래 미래 얘기를 때
그런 그런에 불확실함 우린
방황 방황"
68,패닉 - 기다리다,"널 널 다 기다리 생각 했어 했어

떠나간 떠나간 지금 넌 아파

다시 다시 돌아올 내게로 내게로 위에 울고있다 고 고

널 널보다 바라 생각 했어 했어

어느날 어느날이 하늘

마치 마치 마치 날 떠났던 가만히 너 너는 내 게 오겠지 오겠지

내 내에 앞 너

네 네 다시가가를 볼 순 없을까 없을까

너 너 두의의 속에 나는없고없고

익숙해진 익숙해진과 손짓 같은 같은 미소 만

희미 희미 남아서하게를를 울게하지만

너 너 다시는 게 돌아올거야 돌아올거야

너 너 맘의 다시 다시 날 부르면

주저 주저 돌아와 말고 말고 눈앞의 내 안으로으로

예전 예전 널처럼 줄테니



널 널보다 바라 생각 했어 했어

어느날 어느날이 하늘

마치 마치 마치 날 떠났던 가만히 너 너는 내 게 오겠지 오겠지

내 내에 앞 너

네 네 다시가가를 볼 순 없을까 없을까

너 너 두의의 속에 나는없고없고

익숙해진 익숙해진과 손짓 같은 같은 미소 만

희미 희미 남아서하게를를 울게하지만

너 너 다시는 게 돌아올거야 돌아올거야

너 너 맘의 다시 다시 날 부르면

주저 주저 돌아와 말고 말고 눈앞의 내 안으로으로

예전 예전 널처럼 줄테니"
69,아이유 - 이런 엔딩,"안녕 안녕이야
물음표 물음표 참없이 다운 목소리 목소리
정해진 정해진처럼
추운 추운에 문가 똑같은 똑같은 네 자리
제대로 제대로 먹어 잘 지나가니까
예전 예전 잠도처럼처럼 자게 될 거 야 야
진심 진심 빌으로
너 너 더는는 할 자격이있어있어
그런 그런은 말 마 제발 제발
그 그이 말 아픈 아픈 거 알잖아
사랑 사랑 줄 해 해라며 다 뭐 야 야
어떤 어떤 어떤을 맘 건지 너 너는 모를 거 야 야
외로웠던 외로웠던
너 너 너를를 사랑 해 줄 사람 사람
꼭 꼭 해
내 내 아니라서가 해
주는주는 쉽지가 게
그런 그런은 말 마 제발 제발
그 그이 말 아픈 아픈 거 알잖아
사랑 사랑 줄 해 해라며 다 뭐 야 야
어떤 어떤을 맘 건지 건지 끝내 모를
솔직히 솔직히 해 말 제발
너 너 다라면 거 알잖아 알잖아
네 네대로 말 나도도
나 나 누군 같은에게
사랑 사랑 될까"
70,"양희은, 김창기 - 엄마가 딸에게","난 난 눈 잠시 잠시 붙인 줄 만 알았는데 알았는데
벌써 벌써 있었고
넌 넌 어린 항상 줄 줄 만 알았는데
벌써 벌써 다 어른이
난 난에 삶 삶 아직도 잘 모르기에에
너 너 해에게 말 말이 없지만
네 네 좀가 행복 행복해지기를
원 원 마음하는
내 내 속 가슴 가슴 뒤져 할 말을 찾지 찾지
공부 공부
아냐 아냐 너무 그건서야
성실 성실
나 나 그러지도
사랑 사랑
아냐 아냐 너무 그건
너 너 삶을의
난 난 세상 한참 줄 줄 만 알았는데
아직 아직이고
난 난 예쁜 항상 머물고 싶었지만 싶었지만
이미 이미 털이 미운
난 난에 삶 삶 아직도 잘 모르기에에
알고픈 알고픈 정말 일들
엄만 엄만 늘 또 또 말 만 되풀이하며하며
내 내의 마음 마음을 더 굳게 닫지 닫지
공부 공부
그게 그게 한 중요 나 나도 알아
성실 성실
나 나 애쓰고도 요
사랑 사랑
더 더 상처는 싶지 않아 않아
나 나 삶을의 해 줘 줘
왜 왜 내 엄만 모른 채 채
매일 매일 잔소리 똑같은
또 또 보채
난 난 차가운 지금 속 속에 갇혀
살아갈 살아갈처럼 새 해
원망 원망 말하려는 계속 해 해
제발 제발를 나 두라고라고
왜 왜처럼 애 고
내 내 들어보라 얘길
나 나 마음도 많이 아퍼 아퍼
힘들어 힘들어있다하고
아무리 아무리 해 노력
난 난의 엄마 엔 그저 그저
철없는 철없는 거 딸인 고
나 나 혼자를 놔 둬 둬
공부 공부
아냐 아냐 너무 그건서야
성실 성실
나 나 그러지도
사랑 사랑
아냐 아냐 너무 그건
너 너 삶을의
내 내 좀가 좋은 좋은 엄마가
되지되지 걸
용서 용서 줄 해 있겠니
넌 넌보다 나 좋은 좋은 엄마가
되겠다 되겠다 약속 고 주겠니
랄 랄 라랄 라랄
엄마 엄마를 나 믿어 줘요 줘요
어려운 어려운이 말
따스한 따스한을 손 줘요
날 날 해 걱정 엄마 엄마의 말들이
무겁게 무겁게
세상 세상 살아가는을
무섭게 무섭게
왜 왜 눈물 몰래 훔쳐 요 요
조용히 조용히을 가슴 요
엄마 엄마 걱정의
난 난 잘 더 더 낼 수있어 요 요
그 그을 무엇 든
언제나 언제나 엄마 난 딸로
다 다 내고 버텨 테니
걱정 걱정 마요
말 말 않아도하지 알고 알고있다 고
엄만 엄만 누구 그
나 나 사랑를 걸
그래서 그래서 자신 난 난 말 할 수있어있어
엄마 엄마 좋은처럼되는 게 게
내 내이란 꿈
말 말 않아도하지 알고 알고있다 고
엄만 엄만 누구 그
나 나 사랑를 걸
그래서 그래서 자신 난 난 말 할 수있어있어
엄마 엄마 행복를 해 해주는 게
바로 바로 꿈 내 거"
71,안녕하신가영 - 좋아하는 마음,"누구 누구 다 나있는
일반 일반 인 적을
너 너 말에게 때
특별 특별 모든하던이
익숙한 익숙한이
되어되어 않을까
평범한 평범한가 내를
생각 생각이하는이
특별 특별 때
당연 당연 모든하던이
너 너로에게는
하나 하나 의미의 돼
좋아해
좋아한다는 좋아한다는보다
좋아하는 좋아하는 먼저
생각 생각 말한다는
네 네 먼저가이 나 나
보고보고 말 싶다는
우연히 우연히를 너 줘
그때 그때 말 반갑단
좋아하는 좋아하는 먼저 마음 해 줘 줘
알 알 같은 것과
알 알없는 수
나 나로에게와
하나 하나 의미의 돼
좋아해
좋아한다는 좋아한다는보다
좋아하는 좋아하는 먼저
생각 생각 말한다는
네 네 먼저가이 나 나
보고보고 말 싶다는
우연히 우연히를 너 줘
그때 그때 말 반갑단
좋아하는 좋아하는 먼저
좋아한다 좋아한다 또 고하면
꼭 꼭 진심 가벼운
그래서 그래서을 말 아끼면
괜히 괜히 버릴까
어렴풋 어렴풋 마음들 한
꼭 꼭를 너
어리숙 어리숙 우리해진
둘이 둘이 꿈되는 꿔
그래서 그래서을 말 아끼면
괜히 괜히 버릴까
어렴풋 어렴풋 마음들 한
꼭 꼭를 너
어리숙 어리숙 우리해진
둘이 둘이 꿈되는 꿔
좋아한다는 좋아한다는보다
좋아하는 좋아하는 먼저"
72,FTISLAND - 소녀를 만나다,"어릴 어릴 뛰놀던 적에에 넌 있었지
하얀 하얀 수줍던 얼굴 소녀가가
시간 시간 밀려온의 기억 기억 저편에서
아직도 아직도 웃으며 날
다시 다시로 그때
우리 우리 수 만날 것 같아 같아
가만히 가만히을 눈 눈 회색 기억에 사는 사는
그 그 불러 소녈
그려 그려 만질 봐도없는없는 사랑 아
소리 소리들을 쳐도없는없는 사랑 아
내 내에 가슴 아름다운 소녀야 소녀야
잊지 잊지 할 못의의 첫 사랑

눈 눈 소녀 부신 부신 미소를 지은 채로 채로
창가 창가 날에서 있지만
어느덧 어느덧 작은 커버린는
이젠 이젠 그곳 다시 없어
한번쯤 한번쯤 나은 또
찾아 찾아 것 줄 같은 같은 생각에
추억 추억 기대에
그 그의 소녀을 부르며 부르며
눈 눈 감지만
그려 그려 만질 봐도없는없는 사랑 아
소리 소리들을 쳐도없는없는 사랑 아
내 내에 가슴 아름다운 소녀야 소녀야
잊지 잊지 할 못의의 첫 사랑
내 내에 머릿속 버린 채 채
지울수도 지울수도 그없는는
빛바랜 빛바랜 에선 거리 여전히
키 키 소년 작은 만나
사랑 사랑 사랑하고
뻗어 뻗어 잡을 봐도없는없는 사랑 아
다가서면 다가서면 멀어지는 자꾸의의 사랑 아
외치며 외치며 보지만 불러없는없는 소녀는
영원토록 영원토록 수 지울 지울 내 첫 사랑 이죠 이죠"
73,보아 - 천국과 지옥 사이,"차라리 차라리하자
너 너 안를 난 아파 아파
아침 아침 전부이면
또 또를 너
차라리 차라리 두자
못쓰게 못쓰게 버린 돼
어떻게 어떻게 시간 든
또 또 흐 우릴 테니
미안 미안 아직
너 너 생각를 사랑해서해서
널 널 엔 결국
놓지도 놓지도 할 못
단 단 만 하루 사랑하자하자
또 또 만
너 너 또를
다 다 또 잊고서
사랑 사랑 버리는 해를
단 단라도 하루 보자
못 못 말 지킬 지킬 너를 못 보면 보면
아프면서 아프면서 울면서
다짐 다짐하는 만
너 너두고를
천국 천국 지옥과
잊으려 잊으려 볼수록
다가온 다가온 참 니가
닿을 닿을 안 수도 수도
없을 없을 거리 그
웃을 웃을
니가 니가 모르도록 다만 마음을을
나 나 엔 결국 마음
주지주지 못도 거라서라서
단 단 만 하루 사랑하자하자
또 또 만
너 너 또를
다 다 또 잊고서
사랑 사랑 버리는 해를
단 단라도 하루 보자
못 못 말 지킬 지킬 너를 못 보면 보면
아프면서 아프면서 울면서
다짐 다짐하는 만
너 너두고를
천국 천국 지옥과"
74,프롬 - 서로의 조각,"마주 마주 손 잡은 기억 해 해
나 나 의미의의 너에게 만있어있어
바라보는 바라보는 그 눈빛
너 너 의미의의 나에게 만있어있어
너 너 너 모든의은 다 다 나에게로와와
까 까 오늘 만 만 닿은 의미가 돼 돼
너 너 너 모든의은 다 다 나에게로와와
빈 빈의 어딘가 조각이되어되어
우리 우리의 만을 지을래 지을래
슬픈 슬픈은 눈물 마실게
날 날 창위한 내줄래
매일 매일을 문
그 그 바라보게
방안 방안 널 가득 노래
나 나 의미의의 너에게 만있어있어
오고오고 수많은가는 속에에
너 너 의미의의 나에게 만있어있어
우연 우연 인뿐에
널 널 추는 위해
그리워질 그리워질 내일 내일
널 널 그리는 위해
너 너 너 모든의은 다 다 나에게로와와
까 까 오늘 만 만 닿은 의미가 돼 돼
너 너 너 모든의은 다 다 나에게로와와
빈 빈의 어딘가 조각이되어되어
우리 우리의 만을 지을래 지을래
슬픈 슬픈은 눈물 마실게
날 날 창위한 내줄래
매일 매일을 문
그 그 바라보게
마주 마주 손 잡은 기억 해 해
나 나 의미의의 너에게 만있어있어
바라보는 바라보는 그 눈빛
너 너 의미의의 나에게 만있어있어
방안 방안 널 가득 노래
나 나 의미의의 너에게 만있어있어
오고오고 수많은가는 속에에
너 너 의미의의 나에게 만있어있어"
75,서영은 - 좋아 좋아,"처음 처음 만나는 널
노란 노란 장미 세송이 들고
룰루랄라 룰루랄라을 신촌하는
내 내은 가슴 두근두근
생머리 생머리
나 나 향해를을을 흔드는 너
머리 머리 발끝에서
나 나 사로잡네를 에로
니가 니가 너무 좋아
모든 모든주고 걸
너 너 만에게 내 마음 마음
난 난 싶지 꾸미고
언제 언제 언제까지 너 너와 함께
너 너 함께와 꺼야 예이예 예이예
룰루랄라 룰루랄라을 신촌는
내 내은 마음이야 에로 에로
여여 나보세요 천사 어떻게 어떻게
내 내을 마음 요
괜찮아 괜찮아 나 요 천사 가져간 가져간
내 내을 마음 마음이 간직 해 줘요 줘요
니가 니가 너무 좋아
모든 모든주고 걸
너 너 만에게 내 마음 마음
난 난 싶지 꾸미고
언제 언제 언제까지 너 너와 함께
너 너 함께와 꺼야 예이예 예이예
니가 니가 너무 좋아
모든 모든주고 걸
너 너 만에게 내 마음 마음
난 난 싶지 꾸미고
니가 니가 너무 좋아
모든 모든주고 걸
니가 니가 너무 좋아
모든 모든주고 걸
니가 니가"
76,김진표 - 오롤롤롤로,"가위 가위 주먹내 내 가위 바위보 바위보
비온 비온에 뒤 엔 엔 빨주 노초파남보.
하나 하나 다섯부터 세면 일이삼사오 일이삼사오.
사랑 사랑 푹에 그럼 오롤롤로로 오롤롤로로.
편의점 편의점 담배에에 때 후 후 줄 그레한 모습인 난 데 데.
문 문 열고을을 순간에에 나와 눈이 그대 그대.
오 오 오 머리결 저 저 눈빛 눈빛에 저 가슴에 다리에에, 환장 하겠네 하겠네.
주제 주제 못하고 파악도 파악도 사랑에 푹 빠지고 빠지고.
그녀 그녀 그녀 맘 손잡고대로, 내 인생의의 기쁨은 배로 배로
그럴수 그럴수 있다면 만 목숨 바치겠는데 바치겠는데
그녀 그녀 예쁜 같이 같이 함께 살면 참 좋겠는데 좋겠는데.
욕심이 욕심이 하지마 하지마, 이왕이면 다홍치마.
가위 가위 주먹내 내 가위 바위보 바위보
비온 비온에 뒤 엔 엔 빨주 노초파남보.
하나 하나 다섯부터 세면 일이삼사오 일이삼사오.
사랑 사랑 푹에 그럼 오롤롤로로 오롤롤로로.
가위 가위 주먹내 내 가위 바위보 바위보
비온 비온에 뒤 엔 엔 빨주 노초파남보.
하나 하나 다섯부터 세면 일이삼사오 일이삼사오.
사랑 사랑 푹에 그럼 오롤롤로로 오롤롤로로.
너 너 모습의 반 했지 했지.내 내 내 널해도 괜찮겠지?
평생 평생 평생 걱정 아무 편안하게하게, 정말 행복하게.
만약 만약 무얼 니가 니가, 나 기꺼이 서서 서서 망을 봐줄께.
내 내으로 100%, 그만큼의 믿음으로!
굴러 굴러 머릿속가는가는 유치 한 고백만이 떠올라 떠올라
쿵쾅대 쿵쾅대 쿵쾅대 가슴는 엔 불타는 불타는 사랑 만 만이 더해가가
과연 과연는 그녀 그녀 내가가 이렇게나 떨고 걸 걸.
누가 누가 말려 날.사랑 사랑 고한다 해 줘 줘
가위 가위 주먹내 내 가위 바위보 바위보
비온 비온에 뒤 엔 엔 빨주 노초파남보.
하나 하나 다섯부터 세면 일이삼사오 일이삼사오.
사랑 사랑 푹에 그럼 오롤롤로로 오롤롤로로."
77,유지희 - 누구보다 예쁘게,"눈 눈 뜨면을 사람이고이고
잠들기 잠들기 떠오르는 전이고
사실 사실 뭘은
생각나 생각나 사람는
어딜 어딜 쫓아오는 가도 사람을을
그래 그래 좋아하게 요
나 나 이런도 싫지는 싫지는 않네 요
바보 바보 웃는처럼이 많아지고 많아지고
서운함 서운함 토라짐이에
그 그 앞 사람
아이 아이 돼가 요
투정 투정 일 부리는 많아져도
나 나 좋아해줄래요
그거면 그거면 없는데
우리 우리보다 누구 만나 요 요
세상 세상 질투 사람들
후회 후회 않게
그대 그대 아껴줄게를
우리 우리 말기로 서두르지는 요
천천히 천천히 요
그대란 그대란을 사람 많이
알고 알고 요
바보 바보 웃는처럼이 많아지고 많아지고
서운함 서운함 토라짐이에
그 그 앞 사람
아이 아이 돼가 요
투정 투정 일 부리는 많아져도
나 나 좋아해줄래요
그거면 그거면 없는데
우리 우리보다 누구 만나 요 요
세상 세상 질투 사람들
후회 후회 않게
그대 그대 아껴줄게를
우리 우리 말기로 서두르지는 요
천천히 천천히 요
그대란 그대란을 사람 많이
알고 알고 요"
78,타루 - 날씨 맑음,"우연히 우연히 기대 마주치길도하면서하면서
하루 하루 두근대 종일
맘 맘 거리으로 걸어 봐 봐

부서질 부서질 햇살 듯 쏟아지고
날아갈 날아갈 바람 듯 살랑거려
바람 바람 내 타고 날아가
끝도 끝도 저없이 하늘위로로
날씨 날씨 너무 만 날
방안 방안 만에 엔 엔 억울 해
거울 거울에 속 모습 모습은 왠지
서글퍼 서글퍼
우연히 우연히 기대 마주치길도하면서하면서
하루 하루 두근대 종일
맘 맘 거리으로 걸어 봐 봐

꿈 꿈 꾸듯을은 내려앉아 내려앉아
사랑 사랑 포근히 하듯 안아
달빛 달빛 내 이여을을 전해 줘
그리운 그리운 그대 이름 속에서에서
날씨 날씨 너무 만 날
아무 아무도 일 엔 엔 억울 해
설레임 설레임 치장에 내 모습 모습
서글퍼 서글퍼
이렇게 이렇게 날 아름다운
이이 어여쁜처럼
아름다운 아름다운 길 가로수 할 그댄 그댄
우연히 우연히 기대 마주치길도했지만했지만
하루 하루 설레이 종일
맘 맘 거리으로 걸어도"
79,허회경 - 김철수 씨 이야기,"사실 사실도 너
내 내은 기쁨 질투 질투가되고
슬픔 슬픔 항상은이 돼 돼
사실 사실도 너를를 게 없더라고
생각 생각 보면 해 친구보다보다
떠돌이 떠돌이를 강아지 사랑 해 해
특별 특별 고하다하다 너는 사실 똑같더라고 똑같더라고
특별 특별이 함 둘 모이면 모이면
평범함 평범함되고
우두커니 우두커니
세상 세상 가만히을 보면
비극 비극 언제나
발 발 잘 뻗고 찾아온단다
아아아아
슬퍼라
아아아아
사실 사실도 너
내 내은 사랑 재앙이되고되고
재앙은 재앙은 사랑 항상 돼
널 널 할 사랑
아무리 아무리 없더라고
겁 겁 작은 쟁이는 마저
두려운 두려운이라 법
우두커니 우두커니
세상 세상 가만히을 보면
비극 비극 언제나
입꼬리 입꼬리 올릴를 찾아온단다
아아아아
슬퍼라
아아아아
내방 내방 벽의 늘 늘 젖어있어서
기댈 기댈없고
나 나 이웃은
그저 그저 좋은 운뿐이야이야
나 나 바다의
사막 사막 변해으로 만하고하고
나 나 앞는는 걸어가도 뒤로 넘어지네 넘어지네
아아아아
슬퍼라
아아아아
슬퍼라"
80,김필선 - 마마,"마마 마마 내 왜은 가짜야 가짜야
나 나 왜는 붉은 피 피
하나 하나 않는 나지
다들 다들 고 물어본다
너 너 겨울도 아냐 고 고
마른 마른 같은 가지이
왜 왜 줄 슬픈 고
그럼 그럼 알지 당연히 몰라
그 그 가지 잔 잔에 업힌 나의 생 생
그럼 그럼 알지 당연히 몰라
그 그 가지 잔 잔에 업힌 나의 생 생
마마 마마 내 왜 차갑지
나 나 왜는 겨울을을
노래 노래 살아야하며
다들 다들 고 물어본다
너 너 여름도 아냐 고 고
살아 살아 언어있는 온도가가
뜨거운 뜨거운 아냐 줄
그럼 그럼 알지 당연히 몰라
그 그 가지 잔 잔에 업힌 나의 생 생
그럼 그럼 알지 당연히 몰라
그 그 가지 잔 잔에 업힌 나의 생 생
내 내 심장 게 주겠니
네 네를 언어 싶은데
네 네에 눈 별들 별들을 보며
예쁘다 예쁘다 해 고 싶은데
나 나 왜
나 나 왜
나 나 왜
나 나 왜"
81,겸 - 운명론,"너 너 젊음이의 때
찬란 찬란 빛날하게을 보며 보며
그림자 그림자 커진처럼 사랑을을
여기 여기 놓고 남겨 떠날게
넌 넌 게 내 이었기에에
가려진 가려진을 마음 마음 슬프 다 생각 하진 않아 않아
난 난 떠날게
우리 우리 안녕은의 아름다울 아름다울 거 야
너 너 눈빛의 가득 담긴 담긴
이유 이유 슬픔 모를 모를 난 사랑 해 그리워 해 해
나 나 슬픔도 앓다 보면 보면
네 네 보는가 보일까
우리 우리 서로는는 세상에서 음 음 음
결국 결국 못했고
어제 어제 장면들의 써 써 내려가는 네겐
내 내은 이름 없을 없을 거 야
나 나 겨울의 너무 시려워 시려워
너 너 데려올를이 없었던가 없었던가
그런가 그런가
나 나 마음의 달아 올라도 올라도
너 너 겨울의 녹일 녹일 수가 없었나
그랬나 그랬나"
82,카더가든 - 아무렇지 않은 사람,"그대의 그대의이
변하지 변하지 거 않을
믿음과
나 나 그
품 품 사랑 속과 평온
그대는
왜 왜 게 내 요
아무렇지 아무렇지 사람 않은 될 될 게 요
아무런 아무런도 일 것처럼처럼
감은 감은을 눈 너무 너무 아픈 마음도
담대히 담대히 낼 버텨 있기를를
우연 우연 시작의
믿을 믿을있게 수 믿었죠
고맙지 고맙지 요
홀로 홀로 모든 서을
견뎌 견뎌 나내는
아무렇지 아무렇지 사람 않은 될 될 게 요
아무런 아무런도 일 것처럼처럼
감은 감은을 눈 너무 너무 아픈 마음도
담대히 담대히 낼 버텨 있기를를
그 그 시간 많은에서
나란히 나란히 있던 서 모습은은
다 다가 뭔
기억 기억 할 못
날 날 버릴 지워
아무렇지 아무렇지 사람 않은 못 못 돼 요
아프고 아프고 스러우니까
아무렇지 아무렇지 그대는 않게 요
절대로 절대로 말고서
다시 다시 열지는
옛 옛을 시간
돌려 돌려 요 봐 거예요예요
숨죽여 숨죽여 어제도
우리 우리
너무나도 너무나도 슬퍼 아름다워"
83,호소 - 나를 좋아해주지 않아도 괜찮아,"모든 모든이
나 나 좋아해를 바랬어
그저 그저 난 그걸로 했어
그런 그런 마음 내
나 나 더를 한단 걸 걸
언제쯤 언제쯤 알게 난
아무 아무도 일
아무 아무도 일 그건
어떤 어떤 또 말로를를 위로 할까
아무것 아무것 아니야
아무것 아무것 아니야도 말
오늘도 오늘도을 잠
모든 모든이
나 나 좋아해를 바랬어
그런 그런 마음 내 욕심 일까 일까
툭 툭 말들 던진
내 내 아파한가 모르게
괜찮다 괜찮다 다독 날
아무 아무도 일
아무 아무도 일 그건
어떤 어떤 또 말로를를 위로 할까
아무것 아무것 아니야
아무것 아무것 아니야도 말
오늘 오늘 듣고 꼭
나 나 좋아해를 않아도
나 나 좋아해를 않아도"
84,오존 (O3ohn) - Down,"넌 넌 나쁜 내 내을 찾네 알아 알아 난 난
넌 넌가 내 내 원해 알아 난 말야 말야
못난 못난 점 같은 같은 봤네 아냐 난 아냐 아냐
넌 넌 다친 네 네을 겁 내고는 말아 말아
넌 넌
지금 지금 마음 내
어디론가 어디론가 봐
이런 이런 마음 내을
말 말 줄까 해 넌 알까 알까
난 난가 네 네 쉬길 원해 맞아 너 말야 말야
난 난 닫힌 네을 열래 열래
알아 알아 알아 줘
지금 지금 모습 네
어디 어디 부서질까 선가
그런 그런 마음 내을
알아줄까 알아줄까 같아
이런 이런 바람 내
어느샌가 어느샌가
그럼 그럼 모든걸
말 말 줄까 해 바라"
85,데이먼스 이어 (Damons year) - Salty,"잊혀지는 잊혀지는
당연 당연 걸 하단도
나 나 마음의
어딘가 어딘가 죠
그대 그대 날 떠난에
아무리 아무리을 눈
난 난 속 꿈 도망갈 도망갈 수 없었네
시간 시간 흘러은은 모습을 깎아 내고 내고
액자 액자 사진도 속의 갉아 먹겠죠 먹겠죠
원망 원망 없어은 그저 그저 너무 슬퍼져서
아무 아무도 말 않고 잠겨지겠죠 잠겨지겠죠
지워지면 지워지면가 내
나 나 어디론가는 준비조차조차
하지하지 채로 못한 헤매겠죠
그대 그대에 뒤 뒤 그림자를 이불 삼고 삼고
나 나 피로는 풀고
난 난 돼 그거면
지워지면 지워지면가 내
나 나 어디론가는 준비조차조차
하지하지 채로 못한 헤매겠죠
지워지면 지워지면가 내
나 나 어디론가는 준비조차조차
하지하지 채로 못한 헤매겠죠"
86,선우정아 - 남,"누구 누구 잘못도 건 없어 없어
모르겠어 모르겠어 최선 우린 다 했어 했어
발버둥 발버둥 사랑 쳐 위해하지만
사실 사실 사실은 있었지 있었지 아니오 아니오
눈물 눈물 소용도 요
우리 우리 여기는 야
이별이 이별이 쉽네 이렇게
돌아서 돌아서 그는
남
사라지는 사라지는라는 우리
사라지는 사라지는라는 우리
사라지는 사라지는 란 우리
사라지는 사라지는
지워지는 지워지는
현실 현실 동화은 질투 해 해
절대 절대 우릴 쉽게 두지 않아 않아
버틸 버틸 버틴만큼 같은데
세상 세상 끝의 걸음 걸음 앞에
우리 우리 기다리네
눈물 눈물 소용도 요
우리 우리 여기는 야
이별이 이별이 쉽네 이렇게
돌아서 돌아서 그는
남
사라지는 사라지는라는 우리
아득한 아득한 체온 네 입맞춤
너 너 꿈는는 가네 기억 속으로 숨네 숨네
눈물 눈물 소용도 요
우리 우리 여기는 야
사라지는 사라지는라는 우리
사라지는 사라지는 란 우리
사라지는 사라지는
지워지는 지워지는"
87,우리같은사람들 - 그 많던 일기는 그저 글자가 되고,"잔잔 잔잔 나 한 일상 속 속
바람 바람 불어이
바람 바람 파도은 만들어
시도 시도도 때 일렁거리네
그대 그대 맘 내 내 유람하는 구경꾼 이었나 이었나
비춰 비춰 내 보인 보인은 볼품이 없었나 없었나
빙빙 빙빙 엉켜버린 돌아 랠 푸는데 푸는데
얼마나 얼마나 모르겠네 걸릴런지는
낯설은 낯설은의 나 속
빼곡히 빼곡히 일기는
의미 의미 글자가없는
아픔 아픔 기억으로 남게 했네 했네
그대 그대 맘 내 내 유람하는 구경꾼 이었나 이었나
비춰 비춰 내 보인 보인은 볼품이 없었나 없었나
빙빙 빙빙 엉켜버린 돌아 랠 푸는데 푸는데
얼마나 얼마나 모르겠네 걸릴런지는"
88,혁오(HYUKOH) - TOMBOY,"난 난가 엄마 엄마 베푼 사랑에 어색 해 해
그래서 그래서 건 그런 늘 어렵다니까 어렵다니까
잃기 잃기 욕심 두려웠던에도도
작은 작은이 예쁨
난 난 행복 지금 그래서 그래서 불안 해
폭풍 폭풍 바다 전 늘 늘 고요 하니까
불 불 붙어이 타면 타면 안 되잖아
나 나 사랑는 응원 해 해
젊은 젊은 나이테 우리 잘 잘 보이지 않고
찬란 찬란 빛 한 눈이 눈이 멀어 꺼져가는데
아아아아아
아아아아아
아아아아아아아
아아아아아
아아아아아
아아아아아아아아아
슬픈 슬픈은 어른 뒷걸음 뒷걸음 만 치고
미운 미운을 스물 스물 넌 지루 해 보여 보여
불 불 붙어이 타면 타면 안 되니까
우리 우리을 사랑 해
젊은 젊은 나이테 우리 잘 잘 보이지 않고
찬란 찬란 빛 한 눈이 눈이 멀어 꺼져가는데
그래 그래 나 그때 잘 몰랐었어 몰랐었어
우린 우린 점 다른 닮았고
철이 철이 먼저 들어 버린
너 너 이젠와도 닮았네 닮았네
젊은 젊은 나이테 우리 잘 잘 보이지 않고
찬란 찬란 빛 한 눈이 눈이 멀어 꺼져가는데
아아아아아
아아아아아
아아아아아아아
아아아아아
아아아아아
아아아아아아아아아"
89,잔나비 - 꿈과 책과 힘과 벽,"해 해 뜨고가지는지는 것에
연연 연연 나 하였던 작은방
텅 텅 마음 빈 불러봤자봤자
누군 누군에겐가 테니
꼭 꼭 입 다문 새로 삐져나온 삐져나온
보잘 보잘없는 것의의 한숨에
나 나 고 들으라 들으라 쉰 숨이 더 냐 냐
아버지 아버지 게 내
제 제 저려 발 발 답 할 수 없었네 없었네
우리 우리 우리는
어째서
어른이 어른이 걸까
하루하루 하루하루
참 참 짐 무거운
더 더 못는 거 야 야
꿈 꿈 책과과 힘과 벽 사이를를
눈치 눈치에보기 나날들
소년 소년 야망 이여 가져라
무책임 무책임 격언 한에
저 저를 바다하는하는 거 야
어처 어처 없던 구니의의 어린 꿈
가질 가질 없음 수 알게 알게되던 날
두드러기 두드러기 돋은처럼이
끝내 끝내 이름 그 말았네
우리 우리 우리는
어째서
어른이 어른이 걸까
하루하루 하루하루
참 참 짐 무거운
더 더 못는
멈춰 멈춰 남겨진
날 날
어떤 어떤이 맘
하루하루 하루하루
참 참 밤 무서운 걸
잘 잘 버티도 넌
하루하루 하루하루
참 참 밤 무서운 걸
자고 자고 괜찮아질 나면 야
하루는 하루는 어른이 더 테니
무덤덤 무덤덤 그 한을을 기억 해
어릴 어릴 본 적의의 눈을
우린 우린 닮아야 조금씩 거 야 야"
90,선우정아 - 그러려니,"만나는 만나는은 사람
그리운 그리운은 사람
끊어진 끊어진에 연은 없더라도 없더라도
그리운 그리운은 마음 못해
잘 잘
문득 문득 너 떠오른
안부 안부 묻는다
잘 잘
대답 대답들을을 없으니
쓸쓸히 쓸쓸히 음
그러려니
잘 잘
문득 문득 너 떠오른
안부 안부 묻는다
잘 잘
대답 대답들을을 없으니
쓸쓸히 쓸쓸히 음
그러려니 그러려니
만나는 만나는은 사람
그리운 그리운은 사람
끊어진 끊어진에 연은 없더라도 없더라도
그리운 그리운은 마음 못해
만나는 만나는은 사람
그리운 그리운은 사람
끊어진 끊어진에 연은 없더라도 없더라도
그리운 그리운은
그리운 그리운은"
